subregion1_code,date,type,new_confirmed_pred
ND,2021-10-16,prediction,1320.2845
ND,2021-10-17,prediction,1004.22485
ND,2021-10-18,prediction,1044.0807
ND,2021-10-19,prediction,1139.9633
ND,2021-10-20,prediction,1229.1595
ND,2021-10-21,prediction,1056.8131
ND,2021-10-22,prediction,1319.5242
ND,2021-10-23,prediction,1346.6744
ND,2021-10-24,prediction,1332.3783
ND,2021-10-25,prediction,1152.6676
ND,2021-10-26,prediction,1538.2687
ND,2021-10-27,prediction,1228.1014
ND,2021-10-28,prediction,1157.382
ND,2021-10-29,prediction,1168.7794
ND,2021-10-30,prediction,1238.267
ND,2021-10-31,prediction,1306.8304
ND,2021-11-01,prediction,1278.6587
ND,2021-11-02,prediction,1133.6189
ND,2021-11-03,prediction,1142.419
ND,2021-11-04,prediction,1184.3899
ND,2021-11-05,prediction,1142.0978
ND,2021-11-06,forecast,1225.4423
ND,2021-11-07,forecast,1279.634
ND,2021-11-08,forecast,1188.4829
ND,2021-11-09,forecast,1138.2063
ND,2021-11-10,forecast,1422.5168
ND,2021-11-11,forecast,1246.8704
ND,2021-11-12,forecast,1144.7736
ND,2021-11-13,forecast,1666.269
ND,2021-11-14,forecast,1196.6155
ND,2021-11-15,forecast,1458.0385
ND,2021-11-16,forecast,1002.4075
ND,2021-11-17,forecast,1229.9044
ND,2021-11-18,forecast,1258.1593
ND,2021-11-19,forecast,1303.8865
ND,2021-11-20,forecast,1186.4143
ND,2021-11-21,forecast,1258.799
ND,2021-11-22,forecast,1302.6555
ND,2021-11-23,forecast,1241.6119
ND,2021-11-24,forecast,1012.4481
ND,2021-11-25,forecast,1390.5071
ND,2021-11-26,forecast,1183.336
ND,2021-11-27,forecast,1432.761
ND,2021-11-28,forecast,958.95715
ND,2021-11-29,forecast,1116.9916
ND,2021-11-30,forecast,1193.6774
ND,2021-12-01,forecast,1176.7865
ND,2021-12-02,forecast,1392.8749
ND,2021-12-03,forecast,1487.4568
NE,2021-10-16,prediction,1437.3745
NE,2021-10-17,prediction,1314.9109
NE,2021-10-18,prediction,1367.8123
NE,2021-10-19,prediction,1467.7877
NE,2021-10-20,prediction,1796.7031
NE,2021-10-21,prediction,1725.0969
NE,2021-10-22,prediction,1827.6576
NE,2021-10-23,prediction,1543.0027
NE,2021-10-24,prediction,1542.6758
NE,2021-10-25,prediction,1379.902
NE,2021-10-26,prediction,2456.29
NE,2021-10-27,prediction,1724.9465
NE,2021-10-28,prediction,1928.0474
NE,2021-10-29,prediction,2062.4504
NE,2021-10-30,prediction,1986.7754
NE,2021-10-31,prediction,1590.929
NE,2021-11-01,prediction,1482.595
NE,2021-11-02,prediction,1838.3544
NE,2021-11-03,prediction,2033.3575
NE,2021-11-04,prediction,1820.2191
NE,2021-11-05,prediction,2195.8845
NE,2021-11-06,forecast,1355.8954
NE,2021-11-07,forecast,1893.3201
NE,2021-11-08,forecast,1682.6855
NE,2021-11-09,forecast,2062.784
NE,2021-11-10,forecast,1752.9938
NE,2021-11-11,forecast,2118.4912
NE,2021-11-12,forecast,1713.2708
NE,2021-11-13,forecast,1767.7018
NE,2021-11-14,forecast,1559.7657
NE,2021-11-15,forecast,1574.3875
NE,2021-11-16,forecast,1630.7115
NE,2021-11-17,forecast,2113.4888
NE,2021-11-18,forecast,1789.1405
NE,2021-11-19,forecast,2070.1238
NE,2021-11-20,forecast,1943.9127
NE,2021-11-21,forecast,2070.8245
NE,2021-11-22,forecast,1558.7347
NE,2021-11-23,forecast,1715.6412
NE,2021-11-24,forecast,1890.8201
NE,2021-11-25,forecast,2383.272
NE,2021-11-26,forecast,1741.2993
NE,2021-11-27,forecast,1696.5435
NE,2021-11-28,forecast,1734.0298
NE,2021-11-29,forecast,2068.4712
NE,2021-11-30,forecast,1853.047
NE,2021-12-01,forecast,1708.2739
NE,2021-12-02,forecast,1815.8285
NE,2021-12-03,forecast,2155.619
ID,2021-10-16,prediction,2839.2576
ID,2021-10-17,prediction,2443.5164
ID,2021-10-18,prediction,2534.067
ID,2021-10-19,prediction,2171.887
ID,2021-10-20,prediction,3537.8247
ID,2021-10-21,prediction,2856.6558
ID,2021-10-22,prediction,2534.785
ID,2021-10-23,prediction,2767.1155
ID,2021-10-24,prediction,2700.3943
ID,2021-10-25,prediction,2363.2969
ID,2021-10-26,prediction,2243.1184
ID,2021-10-27,prediction,2718.523
ID,2021-10-28,prediction,2701.7766
ID,2021-10-29,prediction,2751.8547
ID,2021-10-30,prediction,2510.8997
ID,2021-10-31,prediction,2678.82
ID,2021-11-01,prediction,2470.8345
ID,2021-11-02,prediction,2549.3308
ID,2021-11-03,prediction,2558.2253
ID,2021-11-04,prediction,2859.4634
ID,2021-11-05,prediction,2532.1418
ID,2021-11-06,forecast,2822.6387
ID,2021-11-07,forecast,2560.636
ID,2021-11-08,forecast,2952.8975
ID,2021-11-09,forecast,2828.903
ID,2021-11-10,forecast,2133.877
ID,2021-11-11,forecast,2749.0205
ID,2021-11-12,forecast,2590.4395
ID,2021-11-13,forecast,2483.1777
ID,2021-11-14,forecast,2599.9084
ID,2021-11-15,forecast,2666.6877
ID,2021-11-16,forecast,2413.8096
ID,2021-11-17,forecast,2419.9968
ID,2021-11-18,forecast,2459.9077
ID,2021-11-19,forecast,2534.4836
ID,2021-11-20,forecast,2219.0276
ID,2021-11-21,forecast,2666.3118
ID,2021-11-22,forecast,2342.8237
ID,2021-11-23,forecast,2463.933
ID,2021-11-24,forecast,2317.5505
ID,2021-11-25,forecast,2695.7236
ID,2021-11-26,forecast,2614.5327
ID,2021-11-27,forecast,2368.1873
ID,2021-11-28,forecast,2580.465
ID,2021-11-29,forecast,3309.2385
ID,2021-11-30,forecast,3092.274
ID,2021-12-01,forecast,2971.662
ID,2021-12-02,forecast,2420.433
ID,2021-12-03,forecast,2706.6528
IL,2021-10-16,prediction,7094.3237
IL,2021-10-17,prediction,6124.5625
IL,2021-10-18,prediction,7444.41
IL,2021-10-19,prediction,8366.232
IL,2021-10-20,prediction,7970.1426
IL,2021-10-21,prediction,8737.269
IL,2021-10-22,prediction,7754.622
IL,2021-10-23,prediction,6988.1226
IL,2021-10-24,prediction,7361.5737
IL,2021-10-25,prediction,7114.4775
IL,2021-10-26,prediction,9664.8125
IL,2021-10-27,prediction,8461.916
IL,2021-10-28,prediction,7530.504
IL,2021-10-29,prediction,7324.235
IL,2021-10-30,prediction,6624.797
IL,2021-10-31,prediction,7727.6353
IL,2021-11-01,prediction,7087.602
IL,2021-11-02,prediction,8507.892
IL,2021-11-03,prediction,8155.489
IL,2021-11-04,prediction,7293.163
IL,2021-11-05,prediction,8946.835
IL,2021-11-06,forecast,7341.892
IL,2021-11-07,forecast,5867.3955
IL,2021-11-08,forecast,8427.452
IL,2021-11-09,forecast,7697.994
IL,2021-11-10,forecast,7962.229
IL,2021-11-11,forecast,8854.443
IL,2021-11-12,forecast,8023.3237
IL,2021-11-13,forecast,6910.763
IL,2021-11-14,forecast,6982.0933
IL,2021-11-15,forecast,7316.2036
IL,2021-11-16,forecast,7118.034
IL,2021-11-17,forecast,9967.499
IL,2021-11-18,forecast,8046.626
IL,2021-11-19,forecast,7178.292
IL,2021-11-20,forecast,6551.284
IL,2021-11-21,forecast,8045.0576
IL,2021-11-22,forecast,7700.729
IL,2021-11-23,forecast,7815.671
IL,2021-11-24,forecast,7615.525
IL,2021-11-25,forecast,8046.3853
IL,2021-11-26,forecast,8458.681
IL,2021-11-27,forecast,8405.005
IL,2021-11-28,forecast,5262.3896
IL,2021-11-29,forecast,7789.68
IL,2021-11-30,forecast,7595.157
IL,2021-12-01,forecast,7481.7373
IL,2021-12-02,forecast,8429.758
IL,2021-12-03,forecast,7731.124
IN,2021-10-16,prediction,5845.571
IN,2021-10-17,prediction,3881.3152
IN,2021-10-18,prediction,4296.5083
IN,2021-10-19,prediction,4101.6006
IN,2021-10-20,prediction,4248.198
IN,2021-10-21,prediction,3867.5876
IN,2021-10-22,prediction,4173.5947
IN,2021-10-23,prediction,4327.276
IN,2021-10-24,prediction,3482.1628
IN,2021-10-25,prediction,3989.9414
IN,2021-10-26,prediction,5025.796
IN,2021-10-27,prediction,4231.483
IN,2021-10-28,prediction,3947.9795
IN,2021-10-29,prediction,4416.7095
IN,2021-10-30,prediction,3969.0928
IN,2021-10-31,prediction,3566.6614
IN,2021-11-01,prediction,3328.4978
IN,2021-11-02,prediction,4952.802
IN,2021-11-03,prediction,5647.1943
IN,2021-11-04,prediction,5984.18
IN,2021-11-05,prediction,6761.315
IN,2021-11-06,forecast,7736.2783
IN,2021-11-07,forecast,4342.7803
IN,2021-11-08,forecast,4780.845
IN,2021-11-09,forecast,3762.9724
IN,2021-11-10,forecast,4601.8735
IN,2021-11-11,forecast,5281.025
IN,2021-11-12,forecast,5944.034
IN,2021-11-13,forecast,4102.621
IN,2021-11-14,forecast,4100.644
IN,2021-11-15,forecast,4338.305
IN,2021-11-16,forecast,4246.027
IN,2021-11-17,forecast,4807.768
IN,2021-11-18,forecast,5115.915
IN,2021-11-19,forecast,5151.862
IN,2021-11-20,forecast,4861.1685
IN,2021-11-21,forecast,4131.6733
IN,2021-11-22,forecast,4520.534
IN,2021-11-23,forecast,4945.117
IN,2021-11-24,forecast,5728.4585
IN,2021-11-25,forecast,6560.3286
IN,2021-11-26,forecast,7812.8735
IN,2021-11-27,forecast,7434.3926
IN,2021-11-28,forecast,6616.0386
IN,2021-11-29,forecast,5680.354
IN,2021-11-30,forecast,5081.464
IN,2021-12-01,forecast,4661.0107
IN,2021-12-02,forecast,6747.3687
IN,2021-12-03,forecast,6916.256
KS,2021-10-16,prediction,2131.7065
KS,2021-10-17,prediction,2976.0627
KS,2021-10-18,prediction,2120.5618
KS,2021-10-19,prediction,3043.2214
KS,2021-10-20,prediction,3106.5745
KS,2021-10-21,prediction,2893.6907
KS,2021-10-22,prediction,2729.8955
KS,2021-10-23,prediction,2348.3684
KS,2021-10-24,prediction,2371.735
KS,2021-10-25,prediction,2278.0466
KS,2021-10-26,prediction,2543.7854
KS,2021-10-27,prediction,2575.9197
KS,2021-10-28,prediction,2594.361
KS,2021-10-29,prediction,2121.045
KS,2021-10-30,prediction,2169.3003
KS,2021-10-31,prediction,2824.1328
KS,2021-11-01,prediction,3027.766
KS,2021-11-02,prediction,4058.841
KS,2021-11-03,prediction,3065.93
KS,2021-11-04,prediction,3721.2627
KS,2021-11-05,prediction,2979.019
KS,2021-11-06,forecast,2506.618
KS,2021-11-07,forecast,3099.93
KS,2021-11-08,forecast,2755.9211
KS,2021-11-09,forecast,2951.9473
KS,2021-11-10,forecast,2998.2224
KS,2021-11-11,forecast,3141.3281
KS,2021-11-12,forecast,2835.962
KS,2021-11-13,forecast,3283.3625
KS,2021-11-14,forecast,2420.5168
KS,2021-11-15,forecast,3032.9343
KS,2021-11-16,forecast,2200.9443
KS,2021-11-17,forecast,2333.7017
KS,2021-11-18,forecast,2212.629
KS,2021-11-19,forecast,2629.4343
KS,2021-11-20,forecast,2239.4575
KS,2021-11-21,forecast,2390.7395
KS,2021-11-22,forecast,2666.6797
KS,2021-11-23,forecast,3257.2969
KS,2021-11-24,forecast,3292.1006
KS,2021-11-25,forecast,2523.6106
KS,2021-11-26,forecast,3042.8972
KS,2021-11-27,forecast,1824.2181
KS,2021-11-28,forecast,2424.4287
KS,2021-11-29,forecast,2678.3354
KS,2021-11-30,forecast,2509.485
KS,2021-12-01,forecast,3208.9707
KS,2021-12-02,forecast,2440.4258
KS,2021-12-03,forecast,2378.5396
LA,2021-10-16,prediction,1784.2335
LA,2021-10-17,prediction,1617.6813
LA,2021-10-18,prediction,1576.748
LA,2021-10-19,prediction,1631.7238
LA,2021-10-20,prediction,1976.8699
LA,2021-10-21,prediction,1496.0609
LA,2021-10-22,prediction,1700.8333
LA,2021-10-23,prediction,1290.3564
LA,2021-10-24,prediction,1432.5991
LA,2021-10-25,prediction,2040.4224
LA,2021-10-26,prediction,2756.124
LA,2021-10-27,prediction,2605.1162
LA,2021-10-28,prediction,2427.472
LA,2021-10-29,prediction,2260.8882
LA,2021-10-30,prediction,1540.7479
LA,2021-10-31,prediction,2085.1606
LA,2021-11-01,prediction,3038.5625
LA,2021-11-02,prediction,2810.092
LA,2021-11-03,prediction,3128.3237
LA,2021-11-04,prediction,3763.4817
LA,2021-11-05,prediction,1879.5906
LA,2021-11-06,forecast,1798.2778
LA,2021-11-07,forecast,1870.8134
LA,2021-11-08,forecast,1488.6606
LA,2021-11-09,forecast,1494.5157
LA,2021-11-10,forecast,1822.986
LA,2021-11-11,forecast,1572.4398
LA,2021-11-12,forecast,1327.009
LA,2021-11-13,forecast,1524.8472
LA,2021-11-14,forecast,2105.7056
LA,2021-11-15,forecast,2275.703
LA,2021-11-16,forecast,2386.9004
LA,2021-11-17,forecast,2571.6924
LA,2021-11-18,forecast,2194.6316
LA,2021-11-19,forecast,1809.9891
LA,2021-11-20,forecast,2111.0447
LA,2021-11-21,forecast,3550.3804
LA,2021-11-22,forecast,3708.5269
LA,2021-11-23,forecast,3297.636
LA,2021-11-24,forecast,4360.941
LA,2021-11-25,forecast,2225.995
LA,2021-11-26,forecast,2219.043
LA,2021-11-27,forecast,1859.1624
LA,2021-11-28,forecast,1762.7391
LA,2021-11-29,forecast,2119.4756
LA,2021-11-30,forecast,2152.3098
LA,2021-12-01,forecast,1675.0714
LA,2021-12-02,forecast,1324.9845
LA,2021-12-03,forecast,1600.5868
MA,2021-10-16,prediction,3920.6677
MA,2021-10-17,prediction,3232.3435
MA,2021-10-18,prediction,3062.6375
MA,2021-10-19,prediction,3823.8262
MA,2021-10-20,prediction,5669.767
MA,2021-10-21,prediction,3778.9539
MA,2021-10-22,prediction,4466.1084
MA,2021-10-23,prediction,3238.2632
MA,2021-10-24,prediction,4341.874
MA,2021-10-25,prediction,3543.0427
MA,2021-10-26,prediction,3702.826
MA,2021-10-27,prediction,4628.029
MA,2021-10-28,prediction,5206.4805
MA,2021-10-29,prediction,5235.41
MA,2021-10-30,prediction,3569.927
MA,2021-10-31,prediction,4198.386
MA,2021-11-01,prediction,3924.447
MA,2021-11-02,prediction,3753.5732
MA,2021-11-03,prediction,5785.4194
MA,2021-11-04,prediction,4834.207
MA,2021-11-05,prediction,4503.8516
MA,2021-11-06,forecast,4485.4863
MA,2021-11-07,forecast,4376.964
MA,2021-11-08,forecast,4015.1455
MA,2021-11-09,forecast,4504.5703
MA,2021-11-10,forecast,4577.3794
MA,2021-11-11,forecast,5025.386
MA,2021-11-12,forecast,4331.5605
MA,2021-11-13,forecast,5031.1216
MA,2021-11-14,forecast,3811.597
MA,2021-11-15,forecast,5021.0195
MA,2021-11-16,forecast,3598.8328
MA,2021-11-17,forecast,4515.948
MA,2021-11-18,forecast,5529.5894
MA,2021-11-19,forecast,5683.8965
MA,2021-11-20,forecast,4737.864
MA,2021-11-21,forecast,4148.3726
MA,2021-11-22,forecast,5104.317
MA,2021-11-23,forecast,5174.9424
MA,2021-11-24,forecast,5617.118
MA,2021-11-25,forecast,6125.361
MA,2021-11-26,forecast,4504.3867
MA,2021-11-27,forecast,4601.648
MA,2021-11-28,forecast,4686.6084
MA,2021-11-29,forecast,4611.759
MA,2021-11-30,forecast,5737.987
MA,2021-12-01,forecast,4583.513
MA,2021-12-02,forecast,3777.5923
MA,2021-12-03,forecast,5233.448
MD,2021-10-16,prediction,2531.3518
MD,2021-10-17,prediction,2694.8247
MD,2021-10-18,prediction,2262.1265
MD,2021-10-19,prediction,2477.2827
MD,2021-10-20,prediction,2781.756
MD,2021-10-21,prediction,2476.4355
MD,2021-10-22,prediction,3210.084
MD,2021-10-23,prediction,2693.623
MD,2021-10-24,prediction,2404.17
MD,2021-10-25,prediction,2736.1438
MD,2021-10-26,prediction,3591.0703
MD,2021-10-27,prediction,3304.1409
MD,2021-10-28,prediction,2666.0164
MD,2021-10-29,prediction,2995.207
MD,2021-10-30,prediction,2129.8838
MD,2021-10-31,prediction,2280.4583
MD,2021-11-01,prediction,1782.3484
MD,2021-11-02,prediction,1932.3481
MD,2021-11-03,prediction,2174.8389
MD,2021-11-04,prediction,2217.884
MD,2021-11-05,prediction,2641.0747
MD,2021-11-06,forecast,3306.6548
MD,2021-11-07,forecast,3278.61
MD,2021-11-08,forecast,2796.5356
MD,2021-11-09,forecast,2631.753
MD,2021-11-10,forecast,2868.9058
MD,2021-11-11,forecast,2654.1487
MD,2021-11-12,forecast,3533.1516
MD,2021-11-13,forecast,3031.6511
MD,2021-11-14,forecast,2585.4412
MD,2021-11-15,forecast,2921.78
MD,2021-11-16,forecast,3083.1611
MD,2021-11-17,forecast,3317.0852
MD,2021-11-18,forecast,3465.4246
MD,2021-11-19,forecast,3938.14
MD,2021-11-20,forecast,2782.6924
MD,2021-11-21,forecast,2730.6428
MD,2021-11-22,forecast,2820.5427
MD,2021-11-23,forecast,2449.5693
MD,2021-11-24,forecast,3078.4487
MD,2021-11-25,forecast,3460.637
MD,2021-11-26,forecast,3041.2124
MD,2021-11-27,forecast,3193.8591
MD,2021-11-28,forecast,3917.844
MD,2021-11-29,forecast,3236.2048
MD,2021-11-30,forecast,3593.349
MD,2021-12-01,forecast,3451.9116
MD,2021-12-02,forecast,3720.8582
MD,2021-12-03,forecast,4136.7563
ME,2021-10-16,prediction,1108.7026
ME,2021-10-17,prediction,1155.8239
ME,2021-10-18,prediction,1041.954
ME,2021-10-19,prediction,917.7391
ME,2021-10-20,prediction,1096.1882
ME,2021-10-21,prediction,955.0289
ME,2021-10-22,prediction,1187.0066
ME,2021-10-23,prediction,1232.375
ME,2021-10-24,prediction,1125.1598
ME,2021-10-25,prediction,1102.0789
ME,2021-10-26,prediction,1012.3957
ME,2021-10-27,prediction,1296.2888
ME,2021-10-28,prediction,1167.8481
ME,2021-10-29,prediction,1160.3002
ME,2021-10-30,prediction,1179.4702
ME,2021-10-31,prediction,1162.3107
ME,2021-11-01,prediction,1326.4292
ME,2021-11-02,prediction,1003.6477
ME,2021-11-03,prediction,1145.9064
ME,2021-11-04,prediction,1165.3997
ME,2021-11-05,prediction,1047.5704
ME,2021-11-06,forecast,1161.4187
ME,2021-11-07,forecast,1155.7904
ME,2021-11-08,forecast,1208.4062
ME,2021-11-09,forecast,1238.829
ME,2021-11-10,forecast,1047.2909
ME,2021-11-11,forecast,1162.7666
ME,2021-11-12,forecast,1040.1008
ME,2021-11-13,forecast,1174.4055
ME,2021-11-14,forecast,1234.2245
ME,2021-11-15,forecast,1221.0159
ME,2021-11-16,forecast,1092.2026
ME,2021-11-17,forecast,1043.5233
ME,2021-11-18,forecast,1282.9126
ME,2021-11-19,forecast,1137.3727
ME,2021-11-20,forecast,1058.9316
ME,2021-11-21,forecast,1324.046
ME,2021-11-22,forecast,1265.2083
ME,2021-11-23,forecast,1338.187
ME,2021-11-24,forecast,1135.8563
ME,2021-11-25,forecast,1216.3628
ME,2021-11-26,forecast,1135.0872
ME,2021-11-27,forecast,1092.0894
ME,2021-11-28,forecast,1170.9976
ME,2021-11-29,forecast,1305.6857
ME,2021-11-30,forecast,1427.7809
ME,2021-12-01,forecast,1255.8031
ME,2021-12-02,forecast,1052.8547
ME,2021-12-03,forecast,1137.2257
MI,2021-10-16,prediction,9137.056
MI,2021-10-17,prediction,9898.963
MI,2021-10-18,prediction,7650.7646
MI,2021-10-19,prediction,7647.062
MI,2021-10-20,prediction,7127.336
MI,2021-10-21,prediction,6253.665
MI,2021-10-22,prediction,9349.967
MI,2021-10-23,prediction,8935.409
MI,2021-10-24,prediction,11223.984
MI,2021-10-25,prediction,9023.498
MI,2021-10-26,prediction,9963.959
MI,2021-10-27,prediction,5738.896
MI,2021-10-28,prediction,7013.6445
MI,2021-10-29,prediction,10579.631
MI,2021-10-30,prediction,10286.649
MI,2021-10-31,prediction,10305.359
MI,2021-11-01,prediction,5918.0835
MI,2021-11-02,prediction,8585.028
MI,2021-11-03,prediction,8504.879
MI,2021-11-04,prediction,9162.561
MI,2021-11-05,prediction,8005.3345
MI,2021-11-06,forecast,10387.349
MI,2021-11-07,forecast,9586.163
MI,2021-11-08,forecast,10074.099
MI,2021-11-09,forecast,7460.2354
MI,2021-11-10,forecast,6357.251
MI,2021-11-11,forecast,8722.92
MI,2021-11-12,forecast,9839.944
MI,2021-11-13,forecast,10295.745
MI,2021-11-14,forecast,9848.819
MI,2021-11-15,forecast,8756.2295
MI,2021-11-16,forecast,7544.164
MI,2021-11-17,forecast,13743.732
MI,2021-11-18,forecast,12833.109
MI,2021-11-19,forecast,9578.708
MI,2021-11-20,forecast,11058.685
MI,2021-11-21,forecast,10200.682
MI,2021-11-22,forecast,14229.687
MI,2021-11-23,forecast,5498.147
MI,2021-11-24,forecast,13395.332
MI,2021-11-25,forecast,8135.4443
MI,2021-11-26,forecast,9128.163
MI,2021-11-27,forecast,10356.905
MI,2021-11-28,forecast,10254.059
MI,2021-11-29,forecast,9050.619
MI,2021-11-30,forecast,9070.978
MI,2021-12-01,forecast,7126.71
MI,2021-12-02,forecast,5442.5293
MI,2021-12-03,forecast,9937.977
MN,2021-10-16,prediction,5980.6104
MN,2021-10-17,prediction,5463.9834
MN,2021-10-18,prediction,5045.229
MN,2021-10-19,prediction,5614.5874
MN,2021-10-20,prediction,6037.775
MN,2021-10-21,prediction,5533.089
MN,2021-10-22,prediction,6355.957
MN,2021-10-23,prediction,6592.286
MN,2021-10-24,prediction,5760.77
MN,2021-10-25,prediction,4697.9863
MN,2021-10-26,prediction,5403.343
MN,2021-10-27,prediction,6535.0137
MN,2021-10-28,prediction,7787.643
MN,2021-10-29,prediction,5699.167
MN,2021-10-30,prediction,6212.536
MN,2021-10-31,prediction,5173.563
MN,2021-11-01,prediction,5289.383
MN,2021-11-02,prediction,6135.497
MN,2021-11-03,prediction,6829.9507
MN,2021-11-04,prediction,6105.1685
MN,2021-11-05,prediction,6242.3433
MN,2021-11-06,forecast,7129.192
MN,2021-11-07,forecast,6859.3867
MN,2021-11-08,forecast,6496.9585
MN,2021-11-09,forecast,5803.1743
MN,2021-11-10,forecast,5932.773
MN,2021-11-11,forecast,6633.449
MN,2021-11-12,forecast,4958.23
MN,2021-11-13,forecast,6489.483
MN,2021-11-14,forecast,7247.608
MN,2021-11-15,forecast,6354.983
MN,2021-11-16,forecast,4795.2085
MN,2021-11-17,forecast,6375.423
MN,2021-11-18,forecast,6472.741
MN,2021-11-19,forecast,5901.4136
MN,2021-11-20,forecast,5548.0645
MN,2021-11-21,forecast,6201.268
MN,2021-11-22,forecast,5405.5786
MN,2021-11-23,forecast,5070.855
MN,2021-11-24,forecast,7624.8564
MN,2021-11-25,forecast,5429.917
MN,2021-11-26,forecast,7096.3223
MN,2021-11-27,forecast,6304.326
MN,2021-11-28,forecast,6224.786
MN,2021-11-29,forecast,5275.341
MN,2021-11-30,forecast,5769.5273
MN,2021-12-01,forecast,5599.7563
MN,2021-12-02,forecast,5614.5615
MN,2021-12-03,forecast,5658.2383
MO,2021-10-16,prediction,4334.2715
MO,2021-10-17,prediction,4037.6792
MO,2021-10-18,prediction,4125.647
MO,2021-10-19,prediction,3188.0332
MO,2021-10-20,prediction,4314.8267
MO,2021-10-21,prediction,3491.9424
MO,2021-10-22,prediction,4333.1714
MO,2021-10-23,prediction,4050.7717
MO,2021-10-24,prediction,3863.6729
MO,2021-10-25,prediction,3960.929
MO,2021-10-26,prediction,4492.1724
MO,2021-10-27,prediction,4851.4595
MO,2021-10-28,prediction,4046.1052
MO,2021-10-29,prediction,4913.8145
MO,2021-10-30,prediction,4555.813
MO,2021-10-31,prediction,3868.4421
MO,2021-11-01,prediction,4428.3677
MO,2021-11-02,prediction,5224.9336
MO,2021-11-03,prediction,5480.0034
MO,2021-11-04,prediction,4075.5498
MO,2021-11-05,prediction,5379.3135
MO,2021-11-06,forecast,4734.113
MO,2021-11-07,forecast,3659.0276
MO,2021-11-08,forecast,5259.064
MO,2021-11-09,forecast,4105.818
MO,2021-11-10,forecast,4220.979
MO,2021-11-11,forecast,3626.0403
MO,2021-11-12,forecast,3661.2954
MO,2021-11-13,forecast,3232.788
MO,2021-11-14,forecast,4368.436
MO,2021-11-15,forecast,3973.164
MO,2021-11-16,forecast,5177.7617
MO,2021-11-17,forecast,3982.4182
MO,2021-11-18,forecast,5106.1367
MO,2021-11-19,forecast,3814.8103
MO,2021-11-20,forecast,4570.592
MO,2021-11-21,forecast,4553.797
MO,2021-11-22,forecast,4199.3765
MO,2021-11-23,forecast,4386.613
MO,2021-11-24,forecast,4247.098
MO,2021-11-25,forecast,5365.6914
MO,2021-11-26,forecast,3998.9216
MO,2021-11-27,forecast,4968.272
MO,2021-11-28,forecast,4905.5537
MO,2021-11-29,forecast,4626.19
MO,2021-11-30,forecast,4682.5317
MO,2021-12-01,forecast,3805.5728
MO,2021-12-02,forecast,3874.0505
MO,2021-12-03,forecast,4010.6365
MS,2021-10-16,prediction,1740.0157
MS,2021-10-17,prediction,1620.6552
MS,2021-10-18,prediction,1914.7231
MS,2021-10-19,prediction,2171.2837
MS,2021-10-20,prediction,1829.1509
MS,2021-10-21,prediction,1360.5432
MS,2021-10-22,prediction,1222.6283
MS,2021-10-23,prediction,1220.8649
MS,2021-10-24,prediction,1366.4164
MS,2021-10-25,prediction,3585.9893
MS,2021-10-26,prediction,2442.9663
MS,2021-10-27,prediction,1883.0522
MS,2021-10-28,prediction,2199.0742
MS,2021-10-29,prediction,1964.0319
MS,2021-10-30,prediction,1571.8918
MS,2021-10-31,prediction,1718.248
MS,2021-11-01,prediction,2703.3206
MS,2021-11-02,prediction,2805.7378
MS,2021-11-03,prediction,2244.9023
MS,2021-11-04,prediction,2243.5728
MS,2021-11-05,prediction,2291.325
MS,2021-11-06,forecast,1814.1206
MS,2021-11-07,forecast,1645.8678
MS,2021-11-08,forecast,2309.9783
MS,2021-11-09,forecast,2116.8022
MS,2021-11-10,forecast,2342.6794
MS,2021-11-11,forecast,1761.8945
MS,2021-11-12,forecast,1796.9674
MS,2021-11-13,forecast,1986.7108
MS,2021-11-14,forecast,1789.4391
MS,2021-11-15,forecast,3117.4226
MS,2021-11-16,forecast,2006.3926
MS,2021-11-17,forecast,1845.5187
MS,2021-11-18,forecast,2154.97
MS,2021-11-19,forecast,2162.8098
MS,2021-11-20,forecast,1771.9791
MS,2021-11-21,forecast,2073.1165
MS,2021-11-22,forecast,2685.202
MS,2021-11-23,forecast,2297.4114
MS,2021-11-24,forecast,2571.6445
MS,2021-11-25,forecast,2859.9973
MS,2021-11-26,forecast,2402.9023
MS,2021-11-27,forecast,2871.918
MS,2021-11-28,forecast,1771.3536
MS,2021-11-29,forecast,2127.0813
MS,2021-11-30,forecast,2211.7139
MS,2021-12-01,forecast,2233.4702
MS,2021-12-02,forecast,2724.3655
MS,2021-12-03,forecast,1965.388
MT,2021-10-16,prediction,1726.7515
MT,2021-10-17,prediction,2719.8538
MT,2021-10-18,prediction,2029.7499
MT,2021-10-19,prediction,3648.5754
MT,2021-10-20,prediction,2283.792
MT,2021-10-21,prediction,2354.131
MT,2021-10-22,prediction,2404.9392
MT,2021-10-23,prediction,2413.2976
MT,2021-10-24,prediction,2388.9731
MT,2021-10-25,prediction,2248.5059
MT,2021-10-26,prediction,2430.8108
MT,2021-10-27,prediction,2370.3108
MT,2021-10-28,prediction,2483.2527
MT,2021-10-29,prediction,2573.339
MT,2021-10-30,prediction,1774.2764
MT,2021-10-31,prediction,1906.8506
MT,2021-11-01,prediction,2148.9465
MT,2021-11-02,prediction,2204.5315
MT,2021-11-03,prediction,2645.9182
MT,2021-11-04,prediction,2536.953
MT,2021-11-05,prediction,2013.4216
MT,2021-11-06,forecast,2193.436
MT,2021-11-07,forecast,2584.0796
MT,2021-11-08,forecast,2324.829
MT,2021-11-09,forecast,2274.6624
MT,2021-11-10,forecast,2357.6538
MT,2021-11-11,forecast,2123.8914
MT,2021-11-12,forecast,2310.4548
MT,2021-11-13,forecast,2237.9
MT,2021-11-14,forecast,2171.8428
MT,2021-11-15,forecast,2242.7869
MT,2021-11-16,forecast,2302.206
MT,2021-11-17,forecast,2565.6245
MT,2021-11-18,forecast,2214.6116
MT,2021-11-19,forecast,2429.4458
MT,2021-11-20,forecast,1880.3783
MT,2021-11-21,forecast,1905.8876
MT,2021-11-22,forecast,2261.696
MT,2021-11-23,forecast,2658.6387
MT,2021-11-24,forecast,2513.6692
MT,2021-11-25,forecast,2408.1565
MT,2021-11-26,forecast,1878.979
MT,2021-11-27,forecast,1919.9427
MT,2021-11-28,forecast,2407.8179
MT,2021-11-29,forecast,2613.613
MT,2021-11-30,forecast,2511.9956
MT,2021-12-01,forecast,2012.9711
MT,2021-12-02,forecast,2574.589
MT,2021-12-03,forecast,2028.704
NC,2021-10-16,prediction,7269.657
NC,2021-10-17,prediction,4473.695
NC,2021-10-18,prediction,3994.262
NC,2021-10-19,prediction,5267.11
NC,2021-10-20,prediction,6159.5527
NC,2021-10-21,prediction,5879.7783
NC,2021-10-22,prediction,6152.5947
NC,2021-10-23,prediction,3202.005
NC,2021-10-24,prediction,3581.8892
NC,2021-10-25,prediction,4472.6577
NC,2021-10-26,prediction,6480.6772
NC,2021-10-27,prediction,7297.899
NC,2021-10-28,prediction,5950.154
NC,2021-10-29,prediction,5765.1377
NC,2021-10-30,prediction,4824.9487
NC,2021-10-31,prediction,3402.242
NC,2021-11-01,prediction,3551.9824
NC,2021-11-02,prediction,5340.7856
NC,2021-11-03,prediction,5318.4863
NC,2021-11-04,prediction,7185.521
NC,2021-11-05,prediction,9117.933
NC,2021-11-06,forecast,7857.8286
NC,2021-11-07,forecast,3928.3955
NC,2021-11-08,forecast,5045.2896
NC,2021-11-09,forecast,4377.5503
NC,2021-11-10,forecast,4937.2886
NC,2021-11-11,forecast,5893.6606
NC,2021-11-12,forecast,5774.8115
NC,2021-11-13,forecast,6014.828
NC,2021-11-14,forecast,4867.5713
NC,2021-11-15,forecast,4444.521
NC,2021-11-16,forecast,4256.646
NC,2021-11-17,forecast,6962.588
NC,2021-11-18,forecast,7239.7676
NC,2021-11-19,forecast,5179.019
NC,2021-11-20,forecast,5559.229
NC,2021-11-21,forecast,5774.4644
NC,2021-11-22,forecast,4676.089
NC,2021-11-23,forecast,5144.385
NC,2021-11-24,forecast,5575.1035
NC,2021-11-25,forecast,7573.5073
NC,2021-11-26,forecast,7839.4985
NC,2021-11-27,forecast,7247.955
NC,2021-11-28,forecast,4993.6455
NC,2021-11-29,forecast,5075.3438
NC,2021-11-30,forecast,6255.771
NC,2021-12-01,forecast,4982.5107
NC,2021-12-02,forecast,6392.331
NC,2021-12-03,forecast,5146.724
AK,2021-10-16,prediction,1653.9231
AK,2021-10-17,prediction,1978.8425
AK,2021-10-18,prediction,1857.9462
AK,2021-10-19,prediction,2620.9346
AK,2021-10-20,prediction,2545.2502
AK,2021-10-21,prediction,2037.141
AK,2021-10-22,prediction,1715.8053
AK,2021-10-23,prediction,1992.6637
AK,2021-10-24,prediction,2681.7546
AK,2021-10-25,prediction,2915.2202
AK,2021-10-26,prediction,2823.4832
AK,2021-10-27,prediction,2091.2876
AK,2021-10-28,prediction,1944.0681
AK,2021-10-29,prediction,1500.7135
AK,2021-10-30,prediction,1160.955
AK,2021-10-31,prediction,1816.3209
AK,2021-11-01,prediction,2305.245
AK,2021-11-02,prediction,1650.8177
AK,2021-11-03,prediction,1735.833
AK,2021-11-04,prediction,1750.5104
AK,2021-11-05,prediction,1638.8387
AK,2021-11-06,forecast,2428.4597
AK,2021-11-07,forecast,2537.7712
AK,2021-11-08,forecast,2013.6975
AK,2021-11-09,forecast,1837.6414
AK,2021-11-10,forecast,2171.9656
AK,2021-11-11,forecast,2297.026
AK,2021-11-12,forecast,2917.4255
AK,2021-11-13,forecast,3006.921
AK,2021-11-14,forecast,2442.9907
AK,2021-11-15,forecast,2172.8452
AK,2021-11-16,forecast,1825.264
AK,2021-11-17,forecast,1693.1754
AK,2021-11-18,forecast,1607.0682
AK,2021-11-19,forecast,2118.753
AK,2021-11-20,forecast,1625.164
AK,2021-11-21,forecast,1701.755
AK,2021-11-22,forecast,2058.9788
AK,2021-11-23,forecast,1825.8761
AK,2021-11-24,forecast,2476.0735
AK,2021-11-25,forecast,2662.5305
AK,2021-11-26,forecast,1743.2731
AK,2021-11-27,forecast,1946.3486
AK,2021-11-28,forecast,2159.0886
AK,2021-11-29,forecast,2375.306
AK,2021-11-30,forecast,3095.3752
AK,2021-12-01,forecast,3244.7944
AK,2021-12-02,forecast,2309.852
AK,2021-12-03,forecast,2335.7483
AL,2021-10-16,prediction,3567.101
AL,2021-10-17,prediction,2255.0615
AL,2021-10-18,prediction,2434.7256
AL,2021-10-19,prediction,2493.4565
AL,2021-10-20,prediction,2805.8574
AL,2021-10-21,prediction,2826.5247
AL,2021-10-22,prediction,2587.887
AL,2021-10-23,prediction,2351.7627
AL,2021-10-24,prediction,2348.7004
AL,2021-10-25,prediction,2864.3606
AL,2021-10-26,prediction,2955.9878
AL,2021-10-27,prediction,2998.1892
AL,2021-10-28,prediction,3499.3315
AL,2021-10-29,prediction,3547.309
AL,2021-10-30,prediction,2713.504
AL,2021-10-31,prediction,2629.1418
AL,2021-11-01,prediction,2333.4204
AL,2021-11-02,prediction,3324.9602
AL,2021-11-03,prediction,4232.002
AL,2021-11-04,prediction,3800.7354
AL,2021-11-05,prediction,4358.4404
AL,2021-11-06,forecast,3661.7715
AL,2021-11-07,forecast,2121.783
AL,2021-11-08,forecast,3099.6782
AL,2021-11-09,forecast,2838.98
AL,2021-11-10,forecast,2504.4602
AL,2021-11-11,forecast,2369.2483
AL,2021-11-12,forecast,2885.7612
AL,2021-11-13,forecast,2231.748
AL,2021-11-14,forecast,2381.6917
AL,2021-11-15,forecast,3302.8906
AL,2021-11-16,forecast,3707.5156
AL,2021-11-17,forecast,2754.0913
AL,2021-11-18,forecast,3455.9192
AL,2021-11-19,forecast,3975.9624
AL,2021-11-20,forecast,2516.3254
AL,2021-11-21,forecast,3150.803
AL,2021-11-22,forecast,2993.8105
AL,2021-11-23,forecast,3658.2053
AL,2021-11-24,forecast,4313.014
AL,2021-11-25,forecast,4349.9453
AL,2021-11-26,forecast,4401.3213
AL,2021-11-27,forecast,4435.2563
AL,2021-11-28,forecast,2685.306
AL,2021-11-29,forecast,3156.6172
AL,2021-11-30,forecast,3108.7488
AL,2021-12-01,forecast,3583.759
AL,2021-12-02,forecast,2978.8716
AL,2021-12-03,forecast,3311.4363
AR,2021-10-16,prediction,2778.7144
AR,2021-10-17,prediction,2336.7712
AR,2021-10-18,prediction,2953.621
AR,2021-10-19,prediction,2253.6936
AR,2021-10-20,prediction,2411.353
AR,2021-10-21,prediction,2958.3315
AR,2021-10-22,prediction,2347.0056
AR,2021-10-23,prediction,2556.1306
AR,2021-10-24,prediction,2974.0322
AR,2021-10-25,prediction,2096.13
AR,2021-10-26,prediction,2742.8496
AR,2021-10-27,prediction,2311.4495
AR,2021-10-28,prediction,2708.9512
AR,2021-10-29,prediction,2775.0874
AR,2021-10-30,prediction,2570.3003
AR,2021-10-31,prediction,2840.0818
AR,2021-11-01,prediction,2357.1677
AR,2021-11-02,prediction,2479.3877
AR,2021-11-03,prediction,2675.3765
AR,2021-11-04,prediction,2608.236
AR,2021-11-05,prediction,3375.4038
AR,2021-11-06,forecast,2219.4895
AR,2021-11-07,forecast,2758.419
AR,2021-11-08,forecast,3045.4932
AR,2021-11-09,forecast,2199.2969
AR,2021-11-10,forecast,2167.746
AR,2021-11-11,forecast,2594.6694
AR,2021-11-12,forecast,2397.9292
AR,2021-11-13,forecast,2582.785
AR,2021-11-14,forecast,2352.6753
AR,2021-11-15,forecast,2660.8433
AR,2021-11-16,forecast,2299.275
AR,2021-11-17,forecast,2255.2852
AR,2021-11-18,forecast,2617.2825
AR,2021-11-19,forecast,2510.901
AR,2021-11-20,forecast,2713.8542
AR,2021-11-21,forecast,2751.2188
AR,2021-11-22,forecast,2998.3171
AR,2021-11-23,forecast,2737.481
AR,2021-11-24,forecast,2604.5398
AR,2021-11-25,forecast,2972.6123
AR,2021-11-26,forecast,3403.9297
AR,2021-11-27,forecast,2770.568
AR,2021-11-28,forecast,2731.6384
AR,2021-11-29,forecast,3163.2131
AR,2021-11-30,forecast,2529.7488
AR,2021-12-01,forecast,2091.0557
AR,2021-12-02,forecast,2618.0686
AR,2021-12-03,forecast,2644.7927
AZ,2021-10-16,prediction,5935.8022
AZ,2021-10-17,prediction,4847.28
AZ,2021-10-18,prediction,6189.835
AZ,2021-10-19,prediction,4535.1577
AZ,2021-10-20,prediction,5668.5713
AZ,2021-10-21,prediction,7512.312
AZ,2021-10-22,prediction,6330.659
AZ,2021-10-23,prediction,4743.921
AZ,2021-10-24,prediction,4970.23
AZ,2021-10-25,prediction,5962.4224
AZ,2021-10-26,prediction,5630.914
AZ,2021-10-27,prediction,5728.192
AZ,2021-10-28,prediction,6061.481
AZ,2021-10-29,prediction,4521.316
AZ,2021-10-30,prediction,4936.681
AZ,2021-10-31,prediction,4866.4497
AZ,2021-11-01,prediction,4690.305
AZ,2021-11-02,prediction,5305.624
AZ,2021-11-03,prediction,6308.172
AZ,2021-11-04,prediction,5344.4663
AZ,2021-11-05,prediction,5605.004
AZ,2021-11-06,forecast,4974.2056
AZ,2021-11-07,forecast,4605.411
AZ,2021-11-08,forecast,4687.566
AZ,2021-11-09,forecast,4070.1218
AZ,2021-11-10,forecast,6256.903
AZ,2021-11-11,forecast,6207.1504
AZ,2021-11-12,forecast,5048.884
AZ,2021-11-13,forecast,4834.8413
AZ,2021-11-14,forecast,4741.3447
AZ,2021-11-15,forecast,4829.4146
AZ,2021-11-16,forecast,5076.8887
AZ,2021-11-17,forecast,5192.5347
AZ,2021-11-18,forecast,5060.257
AZ,2021-11-19,forecast,4655.1953
AZ,2021-11-20,forecast,4253.56
AZ,2021-11-21,forecast,4866.0405
AZ,2021-11-22,forecast,4826.8804
AZ,2021-11-23,forecast,4897.4316
AZ,2021-11-24,forecast,5383.9365
AZ,2021-11-25,forecast,6300.3076
AZ,2021-11-26,forecast,5284.6265
AZ,2021-11-27,forecast,4860.2607
AZ,2021-11-28,forecast,4748.254
AZ,2021-11-29,forecast,4933.196
AZ,2021-11-30,forecast,3761.3657
AZ,2021-12-01,forecast,5116.3794
AZ,2021-12-02,forecast,4983.0464
AZ,2021-12-03,forecast,5069.8853
CA,2021-10-16,prediction,14976.909
CA,2021-10-17,prediction,17717.955
CA,2021-10-18,prediction,15696.442
CA,2021-10-19,prediction,11591.89
CA,2021-10-20,prediction,13158.434
CA,2021-10-21,prediction,12787.737
CA,2021-10-22,prediction,16185.681
CA,2021-10-23,prediction,9214.434
CA,2021-10-24,prediction,9519.814
CA,2021-10-25,prediction,12297.055
CA,2021-10-26,prediction,12680.984
CA,2021-10-27,prediction,8797.887
CA,2021-10-28,prediction,14125.803
CA,2021-10-29,prediction,9763.882
CA,2021-10-30,prediction,16973.316
CA,2021-10-31,prediction,16355.015
CA,2021-11-01,prediction,15240.737
CA,2021-11-02,prediction,12612.887
CA,2021-11-03,prediction,14899.269
CA,2021-11-04,prediction,13515.449
CA,2021-11-05,prediction,17078.383
CA,2021-11-06,forecast,15521.881
CA,2021-11-07,forecast,18429.889
CA,2021-11-08,forecast,13965.871
CA,2021-11-09,forecast,14074.138
CA,2021-11-10,forecast,13366.276
CA,2021-11-11,forecast,14376.956
CA,2021-11-12,forecast,16712.541
CA,2021-11-13,forecast,8619.033
CA,2021-11-14,forecast,10079.073
CA,2021-11-15,forecast,11040.931
CA,2021-11-16,forecast,13600.984
CA,2021-11-17,forecast,9909.776
CA,2021-11-18,forecast,14510.672
CA,2021-11-19,forecast,9792.196
CA,2021-11-20,forecast,18040.73
CA,2021-11-21,forecast,12913.818
CA,2021-11-22,forecast,14987.429
CA,2021-11-23,forecast,12957.191
CA,2021-11-24,forecast,12781.076
CA,2021-11-25,forecast,17481.027
CA,2021-11-26,forecast,11538.893
CA,2021-11-27,forecast,15841.212
CA,2021-11-28,forecast,17573.967
CA,2021-11-29,forecast,15837.733
CA,2021-11-30,forecast,13356.032
CA,2021-12-01,forecast,14177.318
CA,2021-12-02,forecast,14353.239
CA,2021-12-03,forecast,18130.607
CO,2021-10-16,prediction,5877.33
CO,2021-10-17,prediction,6363.578
CO,2021-10-18,prediction,5175.17
CO,2021-10-19,prediction,5211.552
CO,2021-10-20,prediction,6054.4316
CO,2021-10-21,prediction,6194.7544
CO,2021-10-22,prediction,5440.3735
CO,2021-10-23,prediction,5721.6396
CO,2021-10-24,prediction,5690.357
CO,2021-10-25,prediction,4989.5884
CO,2021-10-26,prediction,5738.8525
CO,2021-10-27,prediction,6015.834
CO,2021-10-28,prediction,6354.709
CO,2021-10-29,prediction,5515.779
CO,2021-10-30,prediction,6107.035
CO,2021-10-31,prediction,5638.5444
CO,2021-11-01,prediction,5528.237
CO,2021-11-02,prediction,5879.498
CO,2021-11-03,prediction,6163.5513
CO,2021-11-04,prediction,5803.861
CO,2021-11-05,prediction,5567.153
CO,2021-11-06,forecast,5808.8433
CO,2021-11-07,forecast,5800.4653
CO,2021-11-08,forecast,6098.095
CO,2021-11-09,forecast,5486.182
CO,2021-11-10,forecast,5833.6636
CO,2021-11-11,forecast,6027.3306
CO,2021-11-12,forecast,5718.358
CO,2021-11-13,forecast,5607.6714
CO,2021-11-14,forecast,5505.131
CO,2021-11-15,forecast,5520.5176
CO,2021-11-16,forecast,5009.165
CO,2021-11-17,forecast,5734.6587
CO,2021-11-18,forecast,5831.804
CO,2021-11-19,forecast,5838.581
CO,2021-11-20,forecast,5727.3794
CO,2021-11-21,forecast,5664.029
CO,2021-11-22,forecast,6136.0137
CO,2021-11-23,forecast,5753.7354
CO,2021-11-24,forecast,5724.3027
CO,2021-11-25,forecast,5494.4595
CO,2021-11-26,forecast,5632.362
CO,2021-11-27,forecast,5903.4473
CO,2021-11-28,forecast,5861.0312
CO,2021-11-29,forecast,6192.7637
CO,2021-11-30,forecast,5784.563
CO,2021-12-01,forecast,5480.88
CO,2021-12-02,forecast,5647.09
CO,2021-12-03,forecast,5812.3994
DE,2021-10-16,prediction,3223.0818
DE,2021-10-17,prediction,1667.081
DE,2021-10-18,prediction,1494.0302
DE,2021-10-19,prediction,3639.221
DE,2021-10-20,prediction,2839.1836
DE,2021-10-21,prediction,2872.8853
DE,2021-10-22,prediction,4090.0854
DE,2021-10-23,prediction,1531.1279
DE,2021-10-24,prediction,3664.609
DE,2021-10-25,prediction,3380.144
DE,2021-10-26,prediction,3416.3638
DE,2021-10-27,prediction,1838.1747
DE,2021-10-28,prediction,2160.392
DE,2021-10-29,prediction,2525.583
DE,2021-10-30,prediction,2168.568
DE,2021-10-31,prediction,1809.998
DE,2021-11-01,prediction,3434.8289
DE,2021-11-02,prediction,2051.2444
DE,2021-11-03,prediction,3105.3157
DE,2021-11-04,prediction,1735.3793
DE,2021-11-05,prediction,2128.147
DE,2021-11-06,forecast,3212.7969
DE,2021-11-07,forecast,1743.4341
DE,2021-11-08,forecast,1882.5588
DE,2021-11-09,forecast,3520.782
DE,2021-11-10,forecast,3441.8845
DE,2021-11-11,forecast,2772.1675
DE,2021-11-12,forecast,2167.9597
DE,2021-11-13,forecast,1738.0881
DE,2021-11-14,forecast,3813.7654
DE,2021-11-15,forecast,3377.6025
DE,2021-11-16,forecast,3263.6743
DE,2021-11-17,forecast,1973.1984
DE,2021-11-18,forecast,2949.3167
DE,2021-11-19,forecast,2527.631
DE,2021-11-20,forecast,1993.2069
DE,2021-11-21,forecast,1986.2881
DE,2021-11-22,forecast,1595.632
DE,2021-11-23,forecast,2662.3381
DE,2021-11-24,forecast,2485.23
DE,2021-11-25,forecast,1871.0436
DE,2021-11-26,forecast,2582.9954
DE,2021-11-27,forecast,2434.7754
DE,2021-11-28,forecast,1697.6853
DE,2021-11-29,forecast,2449.3894
DE,2021-11-30,forecast,2213.2576
DE,2021-12-01,forecast,4025.1384
DE,2021-12-02,forecast,2512.4934
DE,2021-12-03,forecast,2123.121
FL,2021-10-16,prediction,10617.279
FL,2021-10-17,prediction,8432.138
FL,2021-10-18,prediction,16374.313
FL,2021-10-19,prediction,12291.0205
FL,2021-10-20,prediction,32319.014
FL,2021-10-21,prediction,20689.082
FL,2021-10-22,prediction,13953.399
FL,2021-10-23,prediction,14961.453
FL,2021-10-24,prediction,15779.073
FL,2021-10-25,prediction,8697.617
FL,2021-10-26,prediction,16998.105
FL,2021-10-27,prediction,14012.744
FL,2021-10-28,prediction,14111.151
FL,2021-10-29,prediction,11075.293
FL,2021-10-30,prediction,9491.894
FL,2021-10-31,prediction,14874.753
FL,2021-11-01,prediction,16752.918
FL,2021-11-02,prediction,17898.96
FL,2021-11-03,prediction,62552.773
FL,2021-11-04,prediction,68502.49
FL,2021-11-05,prediction,27938.266
FL,2021-11-06,forecast,9793.656
FL,2021-11-07,forecast,15719.948
FL,2021-11-08,forecast,16325.554
FL,2021-11-09,forecast,14583.958
FL,2021-11-10,forecast,13929.581
FL,2021-11-11,forecast,29282.494
FL,2021-11-12,forecast,16039.642
FL,2021-11-13,forecast,10702.798
FL,2021-11-14,forecast,9625.737
FL,2021-11-15,forecast,15419.215
FL,2021-11-16,forecast,16022.224
FL,2021-11-17,forecast,16428.693
FL,2021-11-18,forecast,18208.871
FL,2021-11-19,forecast,15897.638
FL,2021-11-20,forecast,10453.226
FL,2021-11-21,forecast,14739.646
FL,2021-11-22,forecast,18112.396
FL,2021-11-23,forecast,17468.816
FL,2021-11-24,forecast,63283.844
FL,2021-11-25,forecast,71223.766
FL,2021-11-26,forecast,32749.701
FL,2021-11-27,forecast,15276.983
FL,2021-11-28,forecast,15020.0
FL,2021-11-29,forecast,18776.143
FL,2021-11-30,forecast,21830.656
FL,2021-12-01,forecast,19271.092
FL,2021-12-02,forecast,26770.652
FL,2021-12-03,forecast,19483.107
SD,2021-10-16,prediction,1011.0482
SD,2021-10-17,prediction,1485.6443
SD,2021-10-18,prediction,1588.4589
SD,2021-10-19,prediction,835.55347
SD,2021-10-20,prediction,1324.461
SD,2021-10-21,prediction,1461.2103
SD,2021-10-22,prediction,1661.1759
SD,2021-10-23,prediction,1125.5319
SD,2021-10-24,prediction,1432.1368
SD,2021-10-25,prediction,1107.7732
SD,2021-10-26,prediction,1129.3024
SD,2021-10-27,prediction,1705.0206
SD,2021-10-28,prediction,1512.3936
SD,2021-10-29,prediction,1514.8035
SD,2021-10-30,prediction,1352.3835
SD,2021-10-31,prediction,1285.7421
SD,2021-11-01,prediction,1828.0502
SD,2021-11-02,prediction,1500.3564
SD,2021-11-03,prediction,1428.1852
SD,2021-11-04,prediction,1592.725
SD,2021-11-05,prediction,1648.482
SD,2021-11-06,forecast,1253.671
SD,2021-11-07,forecast,1245.2987
SD,2021-11-08,forecast,1011.2732
SD,2021-11-09,forecast,1030.4832
SD,2021-11-10,forecast,1279.4888
SD,2021-11-11,forecast,1575.5842
SD,2021-11-12,forecast,1394.7986
SD,2021-11-13,forecast,1192.3652
SD,2021-11-14,forecast,1403.396
SD,2021-11-15,forecast,1094.7819
SD,2021-11-16,forecast,1614.1852
SD,2021-11-17,forecast,1478.4962
SD,2021-11-18,forecast,1267.2561
SD,2021-11-19,forecast,1353.4915
SD,2021-11-20,forecast,1429.8553
SD,2021-11-21,forecast,1787.3257
SD,2021-11-22,forecast,1545.0403
SD,2021-11-23,forecast,1582.7501
SD,2021-11-24,forecast,1949.3745
SD,2021-11-25,forecast,1543.268
SD,2021-11-26,forecast,1183.9513
SD,2021-11-27,forecast,1202.9052
SD,2021-11-28,forecast,728.0763
SD,2021-11-29,forecast,1081.0715
SD,2021-11-30,forecast,1331.5728
SD,2021-12-01,forecast,1336.5844
SD,2021-12-02,forecast,998.7308
SD,2021-12-03,forecast,1460.5238
TX,2021-10-16,prediction,8065.5684
TX,2021-10-17,prediction,8666.036
TX,2021-10-18,prediction,10345.677
TX,2021-10-19,prediction,12860.296
TX,2021-10-20,prediction,12218.2295
TX,2021-10-21,prediction,14220.345
TX,2021-10-22,prediction,16039.838
TX,2021-10-23,prediction,10533.765
TX,2021-10-24,prediction,12741.519
TX,2021-10-25,prediction,12876.501
TX,2021-10-26,prediction,12336.341
TX,2021-10-27,prediction,17481.492
TX,2021-10-28,prediction,12497.209
TX,2021-10-29,prediction,12205.058
TX,2021-10-30,prediction,9821.339
TX,2021-10-31,prediction,9454.286
TX,2021-11-01,prediction,12498.741
TX,2021-11-02,prediction,14067.276
TX,2021-11-03,prediction,13360.847
TX,2021-11-04,prediction,13158.333
TX,2021-11-05,prediction,11262.374
TX,2021-11-06,forecast,10649.31
TX,2021-11-07,forecast,10306.715
TX,2021-11-08,forecast,13671.019
TX,2021-11-09,forecast,13779.538
TX,2021-11-10,forecast,11696.856
TX,2021-11-11,forecast,15165.139
TX,2021-11-12,forecast,16246.37
TX,2021-11-13,forecast,11886.566
TX,2021-11-14,forecast,11851.288
TX,2021-11-15,forecast,13871.388
TX,2021-11-16,forecast,12504.708
TX,2021-11-17,forecast,13310.854
TX,2021-11-18,forecast,13572.885
TX,2021-11-19,forecast,12871.584
TX,2021-11-20,forecast,10768.506
TX,2021-11-21,forecast,10335.317
TX,2021-11-22,forecast,12658.221
TX,2021-11-23,forecast,15523.211
TX,2021-11-24,forecast,14485.341
TX,2021-11-25,forecast,12890.359
TX,2021-11-26,forecast,12048.87
TX,2021-11-27,forecast,10483.168
TX,2021-11-28,forecast,10239.379
TX,2021-11-29,forecast,13464.101
TX,2021-11-30,forecast,13149.778
TX,2021-12-01,forecast,11526.643
TX,2021-12-02,forecast,12639.239
TX,2021-12-03,forecast,16025.065
UT,2021-10-16,prediction,4058.5984
UT,2021-10-17,prediction,2470.4697
UT,2021-10-18,prediction,2365.338
UT,2021-10-19,prediction,2357.8176
UT,2021-10-20,prediction,3338.9978
UT,2021-10-21,prediction,4009.6301
UT,2021-10-22,prediction,2894.583
UT,2021-10-23,prediction,1754.1332
UT,2021-10-24,prediction,2242.7827
UT,2021-10-25,prediction,2752.2793
UT,2021-10-26,prediction,2967.462
UT,2021-10-27,prediction,2969.289
UT,2021-10-28,prediction,3755.0862
UT,2021-10-29,prediction,2387.5698
UT,2021-10-30,prediction,1821.6293
UT,2021-10-31,prediction,2506.6885
UT,2021-11-01,prediction,2454.2046
UT,2021-11-02,prediction,3788.6743
UT,2021-11-03,prediction,3744.7542
UT,2021-11-04,prediction,4977.919
UT,2021-11-05,prediction,3519.265
UT,2021-11-06,forecast,3152.5708
UT,2021-11-07,forecast,3057.8438
UT,2021-11-08,forecast,3615.5596
UT,2021-11-09,forecast,2106.535
UT,2021-11-10,forecast,1873.2258
UT,2021-11-11,forecast,2788.605
UT,2021-11-12,forecast,3161.3276
UT,2021-11-13,forecast,2095.008
UT,2021-11-14,forecast,2007.6493
UT,2021-11-15,forecast,2208.508
UT,2021-11-16,forecast,2838.0586
UT,2021-11-17,forecast,2354.212
UT,2021-11-18,forecast,3128.4004
UT,2021-11-19,forecast,3238.2888
UT,2021-11-20,forecast,2815.8188
UT,2021-11-21,forecast,2193.6094
UT,2021-11-22,forecast,3175.933
UT,2021-11-23,forecast,2880.5198
UT,2021-11-24,forecast,3710.8625
UT,2021-11-25,forecast,4267.162
UT,2021-11-26,forecast,3530.3262
UT,2021-11-27,forecast,3956.339
UT,2021-11-28,forecast,3251.745
UT,2021-11-29,forecast,4253.3457
UT,2021-11-30,forecast,3291.225
UT,2021-12-01,forecast,2137.7195
UT,2021-12-02,forecast,2021.9882
UT,2021-12-03,forecast,2486.3857
VA,2021-10-16,prediction,6371.636
VA,2021-10-17,prediction,5939.28
VA,2021-10-18,prediction,4627.5186
VA,2021-10-19,prediction,4914.779
VA,2021-10-20,prediction,5313.6255
VA,2021-10-21,prediction,5660.272
VA,2021-10-22,prediction,5451.5254
VA,2021-10-23,prediction,5211.3433
VA,2021-10-24,prediction,5674.922
VA,2021-10-25,prediction,5023.2085
VA,2021-10-26,prediction,5846.3203
VA,2021-10-27,prediction,6053.876
VA,2021-10-28,prediction,5921.607
VA,2021-10-29,prediction,7195.61
VA,2021-10-30,prediction,6496.666
VA,2021-10-31,prediction,7200.832
VA,2021-11-01,prediction,5315.596
VA,2021-11-02,prediction,5661.4736
VA,2021-11-03,prediction,5183.3335
VA,2021-11-04,prediction,5875.355
VA,2021-11-05,prediction,6557.6626
VA,2021-11-06,forecast,7098.795
VA,2021-11-07,forecast,6391.1504
VA,2021-11-08,forecast,5407.1494
VA,2021-11-09,forecast,4726.822
VA,2021-11-10,forecast,5172.36
VA,2021-11-11,forecast,5245.9424
VA,2021-11-12,forecast,5880.35
VA,2021-11-13,forecast,5406.4126
VA,2021-11-14,forecast,5213.2217
VA,2021-11-15,forecast,6388.162
VA,2021-11-16,forecast,5531.7534
VA,2021-11-17,forecast,6407.181
VA,2021-11-18,forecast,6437.2524
VA,2021-11-19,forecast,7796.617
VA,2021-11-20,forecast,7005.299
VA,2021-11-21,forecast,7162.4863
VA,2021-11-22,forecast,6633.5
VA,2021-11-23,forecast,5777.072
VA,2021-11-24,forecast,6154.2197
VA,2021-11-25,forecast,6834.823
VA,2021-11-26,forecast,6682.5713
VA,2021-11-27,forecast,6568.9907
VA,2021-11-28,forecast,6707.968
VA,2021-11-29,forecast,7327.012
VA,2021-11-30,forecast,6593.0635
VA,2021-12-01,forecast,6555.7544
VA,2021-12-02,forecast,6509.4463
VA,2021-12-03,forecast,7162.328
WA,2021-10-16,prediction,6186.057
WA,2021-10-17,prediction,5107.85
WA,2021-10-18,prediction,6212.6826
WA,2021-10-19,prediction,6480.764
WA,2021-10-20,prediction,6552.351
WA,2021-10-21,prediction,7343.245
WA,2021-10-22,prediction,4835.187
WA,2021-10-23,prediction,5278.019
WA,2021-10-24,prediction,5519.557
WA,2021-10-25,prediction,6425.7983
WA,2021-10-26,prediction,6112.697
WA,2021-10-27,prediction,6261.6885
WA,2021-10-28,prediction,5993.3545
WA,2021-10-29,prediction,5951.6465
WA,2021-10-30,prediction,5766.0513
WA,2021-10-31,prediction,5278.2046
WA,2021-11-01,prediction,5833.1943
WA,2021-11-02,prediction,5779.164
WA,2021-11-03,prediction,6723.6724
WA,2021-11-04,prediction,6556.585
WA,2021-11-05,prediction,6340.2197
WA,2021-11-06,forecast,5550.2583
WA,2021-11-07,forecast,4657.4795
WA,2021-11-08,forecast,6836.7617
WA,2021-11-09,forecast,6802.8667
WA,2021-11-10,forecast,6225.9233
WA,2021-11-11,forecast,5731.9873
WA,2021-11-12,forecast,5444.377
WA,2021-11-13,forecast,7240.963
WA,2021-11-14,forecast,4874.1
WA,2021-11-15,forecast,6559.367
WA,2021-11-16,forecast,6177.214
WA,2021-11-17,forecast,6291.96
WA,2021-11-18,forecast,6287.879
WA,2021-11-19,forecast,6014.2856
WA,2021-11-20,forecast,5186.8687
WA,2021-11-21,forecast,4801.0527
WA,2021-11-22,forecast,7002.156
WA,2021-11-23,forecast,6902.4565
WA,2021-11-24,forecast,5758.909
WA,2021-11-25,forecast,6977.5845
WA,2021-11-26,forecast,5219.485
WA,2021-11-27,forecast,4876.737
WA,2021-11-28,forecast,6208.8354
WA,2021-11-29,forecast,6135.3193
WA,2021-11-30,forecast,5816.794
WA,2021-12-01,forecast,6025.223
WA,2021-12-02,forecast,7087.9355
WA,2021-12-03,forecast,6152.403
PA,2021-10-16,prediction,8442.894
PA,2021-10-17,prediction,7528.4585
PA,2021-10-18,prediction,6886.556
PA,2021-10-19,prediction,7004.5786
PA,2021-10-20,prediction,7229.283
PA,2021-10-21,prediction,6937.6396
PA,2021-10-22,prediction,7740.523
PA,2021-10-23,prediction,7199.829
PA,2021-10-24,prediction,6848.4194
PA,2021-10-25,prediction,7002.2646
PA,2021-10-26,prediction,7419.0986
PA,2021-10-27,prediction,8672.147
PA,2021-10-28,prediction,9347.613
PA,2021-10-29,prediction,7593.6006
PA,2021-10-30,prediction,8148.583
PA,2021-10-31,prediction,8321.398
PA,2021-11-01,prediction,7847.511
PA,2021-11-02,prediction,8155.905
PA,2021-11-03,prediction,12889.327
PA,2021-11-04,prediction,8729.264
PA,2021-11-05,prediction,8752.118
PA,2021-11-06,forecast,8445.438
PA,2021-11-07,forecast,8305.111
PA,2021-11-08,forecast,7592.6343
PA,2021-11-09,forecast,7671.0225
PA,2021-11-10,forecast,7944.5635
PA,2021-11-11,forecast,10041.892
PA,2021-11-12,forecast,8057.995
PA,2021-11-13,forecast,6479.1655
PA,2021-11-14,forecast,7574.5645
PA,2021-11-15,forecast,7652.166
PA,2021-11-16,forecast,9067.424
PA,2021-11-17,forecast,9020.312
PA,2021-11-18,forecast,9162.127
PA,2021-11-19,forecast,8142.732
PA,2021-11-20,forecast,7187.3223
PA,2021-11-21,forecast,9719.657
PA,2021-11-22,forecast,8257.749
PA,2021-11-23,forecast,8906.747
PA,2021-11-24,forecast,8953.796
PA,2021-11-25,forecast,8712.488
PA,2021-11-26,forecast,9434.2705
PA,2021-11-27,forecast,7826.339
PA,2021-11-28,forecast,7507.828
PA,2021-11-29,forecast,8975.512
PA,2021-11-30,forecast,8145.25
PA,2021-12-01,forecast,7930.887
PA,2021-12-02,forecast,9982.217
PA,2021-12-03,forecast,9269.853
RI,2021-10-16,prediction,1840.254
RI,2021-10-17,prediction,774.434
RI,2021-10-18,prediction,1774.0552
RI,2021-10-19,prediction,2505.2751
RI,2021-10-20,prediction,2914.8174
RI,2021-10-21,prediction,1871.1093
RI,2021-10-22,prediction,2460.8008
RI,2021-10-23,prediction,2311.0752
RI,2021-10-24,prediction,2338.632
RI,2021-10-25,prediction,2542.3364
RI,2021-10-26,prediction,3246.1973
RI,2021-10-27,prediction,2536.8394
RI,2021-10-28,prediction,3491.5293
RI,2021-10-29,prediction,3117.8105
RI,2021-10-30,prediction,2660.212
RI,2021-10-31,prediction,2480.1978
RI,2021-11-01,prediction,2523.9846
RI,2021-11-02,prediction,3873.343
RI,2021-11-03,prediction,2820.4922
RI,2021-11-04,prediction,2046.5344
RI,2021-11-05,prediction,2045.9463
RI,2021-11-06,forecast,2371.9197
RI,2021-11-07,forecast,2946.1052
RI,2021-11-08,forecast,2706.4106
RI,2021-11-09,forecast,2396.7412
RI,2021-11-10,forecast,3517.469
RI,2021-11-11,forecast,2066.1902
RI,2021-11-12,forecast,2638.5637
RI,2021-11-13,forecast,2729.4905
RI,2021-11-14,forecast,2620.8784
RI,2021-11-15,forecast,2979.7932
RI,2021-11-16,forecast,2640.1567
RI,2021-11-17,forecast,3429.9307
RI,2021-11-18,forecast,2706.458
RI,2021-11-19,forecast,2401.1958
RI,2021-11-20,forecast,4243.5405
RI,2021-11-21,forecast,2169.7166
RI,2021-11-22,forecast,2049.606
RI,2021-11-23,forecast,1300.3511
RI,2021-11-24,forecast,1992.1161
RI,2021-11-25,forecast,2348.2944
RI,2021-11-26,forecast,2252.6006
RI,2021-11-27,forecast,2584.6245
RI,2021-11-28,forecast,2560.6687
RI,2021-11-29,forecast,2965.3833
RI,2021-11-30,forecast,1599.6438
RI,2021-12-01,forecast,2867.6028
RI,2021-12-02,forecast,1736.361
RI,2021-12-03,forecast,2902.6775
NM,2021-10-16,prediction,1888.3015
NM,2021-10-17,prediction,1656.0538
NM,2021-10-18,prediction,2135.1238
NM,2021-10-19,prediction,1537.3131
NM,2021-10-20,prediction,2762.688
NM,2021-10-21,prediction,2362.1724
NM,2021-10-22,prediction,1530.8579
NM,2021-10-23,prediction,1817.1924
NM,2021-10-24,prediction,1969.6006
NM,2021-10-25,prediction,2006.1401
NM,2021-10-26,prediction,2487.5317
NM,2021-10-27,prediction,2205.1575
NM,2021-10-28,prediction,1791.5695
NM,2021-10-29,prediction,1648.161
NM,2021-10-30,prediction,1587.1174
NM,2021-10-31,prediction,1645.3241
NM,2021-11-01,prediction,1430.6165
NM,2021-11-02,prediction,2279.8533
NM,2021-11-03,prediction,2154.1445
NM,2021-11-04,prediction,2034.1088
NM,2021-11-05,prediction,2332.33
NM,2021-11-06,forecast,1858.8958
NM,2021-11-07,forecast,2173.5603
NM,2021-11-08,forecast,2340.763
NM,2021-11-09,forecast,2761.7043
NM,2021-11-10,forecast,1560.7012
NM,2021-11-11,forecast,2138.5442
NM,2021-11-12,forecast,1616.6692
NM,2021-11-13,forecast,1628.488
NM,2021-11-14,forecast,2031.7867
NM,2021-11-15,forecast,1750.6862
NM,2021-11-16,forecast,2113.5098
NM,2021-11-17,forecast,2173.537
NM,2021-11-18,forecast,1770.7922
NM,2021-11-19,forecast,1871.6825
NM,2021-11-20,forecast,1616.8827
NM,2021-11-21,forecast,1809.6091
NM,2021-11-22,forecast,1537.4641
NM,2021-11-23,forecast,1766.7731
NM,2021-11-24,forecast,2340.4822
NM,2021-11-25,forecast,1861.3115
NM,2021-11-26,forecast,2130.953
NM,2021-11-27,forecast,1865.7357
NM,2021-11-28,forecast,1991.528
NM,2021-11-29,forecast,2314.1226
NM,2021-11-30,forecast,2380.0662
NM,2021-12-01,forecast,1951.0754
NM,2021-12-02,forecast,1554.47
NM,2021-12-03,forecast,1719.7162
NV,2021-10-16,prediction,2007.5944
NV,2021-10-17,prediction,1783.0016
NV,2021-10-18,prediction,2277.5735
NV,2021-10-19,prediction,2144.0984
NV,2021-10-20,prediction,3043.4382
NV,2021-10-21,prediction,2624.3445
NV,2021-10-22,prediction,2485.5903
NV,2021-10-23,prediction,1832.6897
NV,2021-10-24,prediction,2115.826
NV,2021-10-25,prediction,2471.8655
NV,2021-10-26,prediction,2209.5044
NV,2021-10-27,prediction,2797.856
NV,2021-10-28,prediction,1954.3988
NV,2021-10-29,prediction,2580.2612
NV,2021-10-30,prediction,2416.6853
NV,2021-10-31,prediction,2048.909
NV,2021-11-01,prediction,2294.793
NV,2021-11-02,prediction,2499.6843
NV,2021-11-03,prediction,2483.3455
NV,2021-11-04,prediction,2981.924
NV,2021-11-05,prediction,2177.212
NV,2021-11-06,forecast,1705.7551
NV,2021-11-07,forecast,1925.0706
NV,2021-11-08,forecast,2172.2856
NV,2021-11-09,forecast,2537.3748
NV,2021-11-10,forecast,2601.6643
NV,2021-11-11,forecast,2669.3418
NV,2021-11-12,forecast,2492.3896
NV,2021-11-13,forecast,2021.9048
NV,2021-11-14,forecast,1787.4888
NV,2021-11-15,forecast,2064.0898
NV,2021-11-16,forecast,2484.0356
NV,2021-11-17,forecast,2459.0198
NV,2021-11-18,forecast,2409.564
NV,2021-11-19,forecast,2401.0798
NV,2021-11-20,forecast,2659.5544
NV,2021-11-21,forecast,2265.4995
NV,2021-11-22,forecast,2980.2114
NV,2021-11-23,forecast,2183.7622
NV,2021-11-24,forecast,3456.778
NV,2021-11-25,forecast,2407.0476
NV,2021-11-26,forecast,3293.8447
NV,2021-11-27,forecast,2049.1228
NV,2021-11-28,forecast,1929.6984
NV,2021-11-29,forecast,1957.4811
NV,2021-11-30,forecast,2672.3713
NV,2021-12-01,forecast,2501.273
NV,2021-12-02,forecast,2752.4521
NV,2021-12-03,forecast,2220.4639
NY,2021-10-16,prediction,8510.62
NY,2021-10-17,prediction,9832.292
NY,2021-10-18,prediction,9473.004
NY,2021-10-19,prediction,13942.289
NY,2021-10-20,prediction,12982.85
NY,2021-10-21,prediction,9677.452
NY,2021-10-22,prediction,10644.36
NY,2021-10-23,prediction,9820.37
NY,2021-10-24,prediction,9690.762
NY,2021-10-25,prediction,9387.91
NY,2021-10-26,prediction,10050.964
NY,2021-10-27,prediction,9611.175
NY,2021-10-28,prediction,10518.495
NY,2021-10-29,prediction,10824.698
NY,2021-10-30,prediction,9838.3545
NY,2021-10-31,prediction,9910.846
NY,2021-11-01,prediction,8972.952
NY,2021-11-02,prediction,8789.517
NY,2021-11-03,prediction,13859.233
NY,2021-11-04,prediction,9663.041
NY,2021-11-05,prediction,10144.287
NY,2021-11-06,forecast,9681.195
NY,2021-11-07,forecast,10304.395
NY,2021-11-08,forecast,10154.115
NY,2021-11-09,forecast,9472.172
NY,2021-11-10,forecast,9473.048
NY,2021-11-11,forecast,8986.156
NY,2021-11-12,forecast,10646.024
NY,2021-11-13,forecast,10380.309
NY,2021-11-14,forecast,9750.886
NY,2021-11-15,forecast,9929.878
NY,2021-11-16,forecast,9793.0
NY,2021-11-17,forecast,10737.401
NY,2021-11-18,forecast,12331.609
NY,2021-11-19,forecast,11520.034
NY,2021-11-20,forecast,10407.597
NY,2021-11-21,forecast,10916.62
NY,2021-11-22,forecast,9646.657
NY,2021-11-23,forecast,9437.193
NY,2021-11-24,forecast,9300.188
NY,2021-11-25,forecast,9530.37
NY,2021-11-26,forecast,10416.106
NY,2021-11-27,forecast,10157.137
NY,2021-11-28,forecast,9749.657
NY,2021-11-29,forecast,10860.232
NY,2021-11-30,forecast,9600.906
NY,2021-12-01,forecast,9649.469
NY,2021-12-02,forecast,9512.791
NY,2021-12-03,forecast,11150.916
OH,2021-10-16,prediction,10327.659
OH,2021-10-17,prediction,4214.681
OH,2021-10-18,prediction,8826.04
OH,2021-10-19,prediction,9271.677
OH,2021-10-20,prediction,10292.855
OH,2021-10-21,prediction,9855.345
OH,2021-10-22,prediction,9382.633
OH,2021-10-23,prediction,7520.7256
OH,2021-10-24,prediction,8157.2603
OH,2021-10-25,prediction,9227.102
OH,2021-10-26,prediction,9579.171
OH,2021-10-27,prediction,10412.886
OH,2021-10-28,prediction,9610.89
OH,2021-10-29,prediction,9150.733
OH,2021-10-30,prediction,7693.1787
OH,2021-10-31,prediction,8688.336
OH,2021-11-01,prediction,9311.747
OH,2021-11-02,prediction,10423.227
OH,2021-11-03,prediction,10526.459
OH,2021-11-04,prediction,11316.077
OH,2021-11-05,prediction,10604.202
OH,2021-11-06,forecast,9720.624
OH,2021-11-07,forecast,8567.796
OH,2021-11-08,forecast,9748.539
OH,2021-11-09,forecast,10196.984
OH,2021-11-10,forecast,9726.844
OH,2021-11-11,forecast,10151.922
OH,2021-11-12,forecast,8972.098
OH,2021-11-13,forecast,8878.066
OH,2021-11-14,forecast,9064.097
OH,2021-11-15,forecast,10705.646
OH,2021-11-16,forecast,9925.168
OH,2021-11-17,forecast,10611.082
OH,2021-11-18,forecast,10316.775
OH,2021-11-19,forecast,8947.987
OH,2021-11-20,forecast,8675.501
OH,2021-11-21,forecast,9447.405
OH,2021-11-22,forecast,10193.329
OH,2021-11-23,forecast,10394.6875
OH,2021-11-24,forecast,10290.651
OH,2021-11-25,forecast,11318.08
OH,2021-11-26,forecast,10523.289
OH,2021-11-27,forecast,7317.5415
OH,2021-11-28,forecast,9398.787
OH,2021-11-29,forecast,9611.589
OH,2021-11-30,forecast,10412.557
OH,2021-12-01,forecast,9986.245
OH,2021-12-02,forecast,9954.771
OH,2021-12-03,forecast,8824.85
CT,2021-10-16,prediction,1805.0488
CT,2021-10-17,prediction,2439.5376
CT,2021-10-18,prediction,2000.5579
CT,2021-10-19,prediction,2331.2131
CT,2021-10-20,prediction,2228.9536
CT,2021-10-21,prediction,2630.6345
CT,2021-10-22,prediction,2200.319
CT,2021-10-23,prediction,1938.5149
CT,2021-10-24,prediction,2335.5044
CT,2021-10-25,prediction,2486.537
CT,2021-10-26,prediction,2345.4895
CT,2021-10-27,prediction,2294.151
CT,2021-10-28,prediction,2259.7607
CT,2021-10-29,prediction,2006.8557
CT,2021-10-30,prediction,1872.3224
CT,2021-10-31,prediction,2073.7742
CT,2021-11-01,prediction,2057.6895
CT,2021-11-02,prediction,2448.2817
CT,2021-11-03,prediction,2103.2383
CT,2021-11-04,prediction,2111.7402
CT,2021-11-05,prediction,2655.9963
CT,2021-11-06,forecast,2149.8054
CT,2021-11-07,forecast,2487.415
CT,2021-11-08,forecast,2822.444
CT,2021-11-09,forecast,2549.9272
CT,2021-11-10,forecast,2843.6426
CT,2021-11-11,forecast,2362.1484
CT,2021-11-12,forecast,2175.2952
CT,2021-11-13,forecast,2229.89
CT,2021-11-14,forecast,2119.9978
CT,2021-11-15,forecast,2138.1343
CT,2021-11-16,forecast,2325.3604
CT,2021-11-17,forecast,2467.2627
CT,2021-11-18,forecast,2287.7244
CT,2021-11-19,forecast,2286.498
CT,2021-11-20,forecast,2156.1487
CT,2021-11-21,forecast,2229.034
CT,2021-11-22,forecast,1935.1636
CT,2021-11-23,forecast,2525.094
CT,2021-11-24,forecast,2355.1653
CT,2021-11-25,forecast,2738.9937
CT,2021-11-26,forecast,2223.3066
CT,2021-11-27,forecast,2333.5823
CT,2021-11-28,forecast,2242.2954
CT,2021-11-29,forecast,2582.3936
CT,2021-11-30,forecast,2681.7095
CT,2021-12-01,forecast,2865.3997
CT,2021-12-02,forecast,2843.1348
CT,2021-12-03,forecast,2119.2878
HI,2021-10-16,prediction,3116.286
HI,2021-10-17,prediction,2302.746
HI,2021-10-18,prediction,2424.242
HI,2021-10-19,prediction,2917.5464
HI,2021-10-20,prediction,3263.4182
HI,2021-10-21,prediction,2316.1414
HI,2021-10-22,prediction,2828.3203
HI,2021-10-23,prediction,1978.1256
HI,2021-10-24,prediction,2234.1794
HI,2021-10-25,prediction,1658.5625
HI,2021-10-26,prediction,2178.441
HI,2021-10-27,prediction,1380.635
HI,2021-10-28,prediction,2039.6415
HI,2021-10-29,prediction,1393.1262
HI,2021-10-30,prediction,1025.6234
HI,2021-10-31,prediction,1721.5763
HI,2021-11-01,prediction,1976.7909
HI,2021-11-02,prediction,3397.3003
HI,2021-11-03,prediction,3450.731
HI,2021-11-04,prediction,4127.441
HI,2021-11-05,prediction,4863.42
HI,2021-11-06,forecast,3682.132
HI,2021-11-07,forecast,3584.5798
HI,2021-11-08,forecast,4136.969
HI,2021-11-09,forecast,4770.0547
HI,2021-11-10,forecast,4599.3228
HI,2021-11-11,forecast,3753.5308
HI,2021-11-12,forecast,3260.0647
HI,2021-11-13,forecast,3440.6182
HI,2021-11-14,forecast,3598.7883
HI,2021-11-15,forecast,3591.453
HI,2021-11-16,forecast,3195.3118
HI,2021-11-17,forecast,3503.4722
HI,2021-11-18,forecast,3742.778
HI,2021-11-19,forecast,3360.2612
HI,2021-11-20,forecast,3832.4263
HI,2021-11-21,forecast,4303.98
HI,2021-11-22,forecast,3457.2073
HI,2021-11-23,forecast,4051.9338
HI,2021-11-24,forecast,4216.0483
HI,2021-11-25,forecast,4233.471
HI,2021-11-26,forecast,5367.4834
HI,2021-11-27,forecast,4185.071
HI,2021-11-28,forecast,4229.8706
HI,2021-11-29,forecast,4578.7603
HI,2021-11-30,forecast,4580.8545
HI,2021-12-01,forecast,5837.257
HI,2021-12-02,forecast,4328.3486
HI,2021-12-03,forecast,3682.45
IA,2021-10-16,prediction,3285.1812
IA,2021-10-17,prediction,1771.5403
IA,2021-10-18,prediction,2726.386
IA,2021-10-19,prediction,2735.1543
IA,2021-10-20,prediction,2906.7114
IA,2021-10-21,prediction,2854.2588
IA,2021-10-22,prediction,3327.6035
IA,2021-10-23,prediction,2527.8481
IA,2021-10-24,prediction,3087.8
IA,2021-10-25,prediction,2358.142
IA,2021-10-26,prediction,2959.6755
IA,2021-10-27,prediction,3285.107
IA,2021-10-28,prediction,3492.2285
IA,2021-10-29,prediction,3304.9927
IA,2021-10-30,prediction,2954.211
IA,2021-10-31,prediction,3735.7676
IA,2021-11-01,prediction,3104.34
IA,2021-11-02,prediction,3558.2385
IA,2021-11-03,prediction,3604.019
IA,2021-11-04,prediction,3344.593
IA,2021-11-05,prediction,3619.4998
IA,2021-11-06,forecast,3727.3896
IA,2021-11-07,forecast,3524.1853
IA,2021-11-08,forecast,2244.9893
IA,2021-11-09,forecast,3058.2183
IA,2021-11-10,forecast,2979.712
IA,2021-11-11,forecast,2878.7678
IA,2021-11-12,forecast,3359.7053
IA,2021-11-13,forecast,3439.706
IA,2021-11-14,forecast,3476.3044
IA,2021-11-15,forecast,3415.189
IA,2021-11-16,forecast,2958.4749
IA,2021-11-17,forecast,3707.81
IA,2021-11-18,forecast,3680.6404
IA,2021-11-19,forecast,3551.5715
IA,2021-11-20,forecast,3058.5088
IA,2021-11-21,forecast,3906.5789
IA,2021-11-22,forecast,3806.377
IA,2021-11-23,forecast,2906.1177
IA,2021-11-24,forecast,3523.383
IA,2021-11-25,forecast,3393.8813
IA,2021-11-26,forecast,3579.8813
IA,2021-11-27,forecast,3642.1208
IA,2021-11-28,forecast,3744.6016
IA,2021-11-29,forecast,3977.0586
IA,2021-11-30,forecast,2832.464
IA,2021-12-01,forecast,3221.109
IA,2021-12-02,forecast,3234.9238
IA,2021-12-03,forecast,3490.2998
NJ,2021-10-16,prediction,3599.2236
NJ,2021-10-17,prediction,4579.4536
NJ,2021-10-18,prediction,4600.1875
NJ,2021-10-19,prediction,4419.0776
NJ,2021-10-20,prediction,3720.4456
NJ,2021-10-21,prediction,3999.733
NJ,2021-10-22,prediction,4080.4072
NJ,2021-10-23,prediction,4002.6833
NJ,2021-10-24,prediction,4490.156
NJ,2021-10-25,prediction,3694.4927
NJ,2021-10-26,prediction,4321.4463
NJ,2021-10-27,prediction,4435.064
NJ,2021-10-28,prediction,4211.972
NJ,2021-10-29,prediction,4686.4375
NJ,2021-10-30,prediction,3664.4531
NJ,2021-10-31,prediction,4372.3164
NJ,2021-11-01,prediction,3596.238
NJ,2021-11-02,prediction,3904.533
NJ,2021-11-03,prediction,3969.286
NJ,2021-11-04,prediction,3809.2622
NJ,2021-11-05,prediction,4265.6523
NJ,2021-11-06,forecast,3782.379
NJ,2021-11-07,forecast,4247.75
NJ,2021-11-08,forecast,4646.979
NJ,2021-11-09,forecast,4228.529
NJ,2021-11-10,forecast,4220.8594
NJ,2021-11-11,forecast,3806.1694
NJ,2021-11-12,forecast,4128.1655
NJ,2021-11-13,forecast,3932.7444
NJ,2021-11-14,forecast,4042.6487
NJ,2021-11-15,forecast,4157.2666
NJ,2021-11-16,forecast,4042.2202
NJ,2021-11-17,forecast,4453.595
NJ,2021-11-18,forecast,4646.7124
NJ,2021-11-19,forecast,4053.211
NJ,2021-11-20,forecast,3626.556
NJ,2021-11-21,forecast,3743.1833
NJ,2021-11-22,forecast,3803.5042
NJ,2021-11-23,forecast,3930.746
NJ,2021-11-24,forecast,4222.386
NJ,2021-11-25,forecast,3721.3877
NJ,2021-11-26,forecast,3848.3044
NJ,2021-11-27,forecast,4296.0264
NJ,2021-11-28,forecast,4122.7446
NJ,2021-11-29,forecast,4109.2954
NJ,2021-11-30,forecast,4741.155
NJ,2021-12-01,forecast,4312.5356
NJ,2021-12-02,forecast,4221.217
NJ,2021-12-03,forecast,4026.9163
VT,2021-10-16,prediction,1422.2762
VT,2021-10-17,prediction,1091.7291
VT,2021-10-18,prediction,2145.831
VT,2021-10-19,prediction,1858.6111
VT,2021-10-20,prediction,1565.8643
VT,2021-10-21,prediction,2285.1365
VT,2021-10-22,prediction,1811.8868
VT,2021-10-23,prediction,1616.3658
VT,2021-10-24,prediction,1732.2344
VT,2021-10-25,prediction,2147.88
VT,2021-10-26,prediction,1763.7981
VT,2021-10-27,prediction,1608.6632
VT,2021-10-28,prediction,1444.6405
VT,2021-10-29,prediction,1378.4928
VT,2021-10-30,prediction,914.7074
VT,2021-10-31,prediction,1419.8317
VT,2021-11-01,prediction,993.556
VT,2021-11-02,prediction,1992.1583
VT,2021-11-03,prediction,1534.43
VT,2021-11-04,prediction,1687.8264
VT,2021-11-05,prediction,1457.3798
VT,2021-11-06,forecast,1411.6533
VT,2021-11-07,forecast,1680.7292
VT,2021-11-08,forecast,1271.1794
VT,2021-11-09,forecast,1788.5515
VT,2021-11-10,forecast,2014.7103
VT,2021-11-11,forecast,2079.992
VT,2021-11-12,forecast,1504.9758
VT,2021-11-13,forecast,1162.9729
VT,2021-11-14,forecast,1727.412
VT,2021-11-15,forecast,1893.9558
VT,2021-11-16,forecast,2060.4666
VT,2021-11-17,forecast,1751.6311
VT,2021-11-18,forecast,1752.3088
VT,2021-11-19,forecast,1944.321
VT,2021-11-20,forecast,1848.9374
VT,2021-11-21,forecast,1716.5065
VT,2021-11-22,forecast,1630.771
VT,2021-11-23,forecast,1612.8511
VT,2021-11-24,forecast,1706.0259
VT,2021-11-25,forecast,1558.4916
VT,2021-11-26,forecast,1585.1244
VT,2021-11-27,forecast,1543.5797
VT,2021-11-28,forecast,1737.341
VT,2021-11-29,forecast,1587.5751
VT,2021-11-30,forecast,1493.8755
VT,2021-12-01,forecast,2156.0125
VT,2021-12-02,forecast,1381.8607
VT,2021-12-03,forecast,2008.2738
WV,2021-10-16,prediction,2164.364
WV,2021-10-17,prediction,2486.3337
WV,2021-10-18,prediction,2817.7144
WV,2021-10-19,prediction,2016.967
WV,2021-10-20,prediction,1541.5286
WV,2021-10-21,prediction,1841.0106
WV,2021-10-22,prediction,2078.5422
WV,2021-10-23,prediction,2012.1755
WV,2021-10-24,prediction,1826.482
WV,2021-10-25,prediction,2399.9946
WV,2021-10-26,prediction,1850.2179
WV,2021-10-27,prediction,1846.7914
WV,2021-10-28,prediction,2110.0457
WV,2021-10-29,prediction,1949.1503
WV,2021-10-30,prediction,1432.7238
WV,2021-10-31,prediction,1555.257
WV,2021-11-01,prediction,1980.5115
WV,2021-11-02,prediction,2545.9768
WV,2021-11-03,prediction,1909.1604
WV,2021-11-04,prediction,2118.468
WV,2021-11-05,prediction,2348.4656
WV,2021-11-06,forecast,2519.157
WV,2021-11-07,forecast,2460.8337
WV,2021-11-08,forecast,2441.3115
WV,2021-11-09,forecast,2280.8992
WV,2021-11-10,forecast,3237.951
WV,2021-11-11,forecast,2502.2622
WV,2021-11-12,forecast,2057.636
WV,2021-11-13,forecast,2098.4585
WV,2021-11-14,forecast,2145.3757
WV,2021-11-15,forecast,2058.4487
WV,2021-11-16,forecast,2369.878
WV,2021-11-17,forecast,2287.6982
WV,2021-11-18,forecast,2099.3608
WV,2021-11-19,forecast,2367.7966
WV,2021-11-20,forecast,2040.792
WV,2021-11-21,forecast,2086.0557
WV,2021-11-22,forecast,1953.1443
WV,2021-11-23,forecast,2351.8276
WV,2021-11-24,forecast,2154.6865
WV,2021-11-25,forecast,2308.0544
WV,2021-11-26,forecast,2194.8086
WV,2021-11-27,forecast,2297.0503
WV,2021-11-28,forecast,2447.9592
WV,2021-11-29,forecast,2330.1252
WV,2021-11-30,forecast,2593.2368
WV,2021-12-01,forecast,2532.8677
WV,2021-12-02,forecast,2520.4197
WV,2021-12-03,forecast,2410.7087
GA,2021-10-16,prediction,7442.49
GA,2021-10-17,prediction,8246.316
GA,2021-10-18,prediction,5574.0527
GA,2021-10-19,prediction,4493.777
GA,2021-10-20,prediction,4265.722
GA,2021-10-21,prediction,4075.5864
GA,2021-10-22,prediction,3367.9077
GA,2021-10-23,prediction,3330.7305
GA,2021-10-24,prediction,4379.2964
GA,2021-10-25,prediction,5887.936
GA,2021-10-26,prediction,6817.708
GA,2021-10-27,prediction,6470.6123
GA,2021-10-28,prediction,6085.858
GA,2021-10-29,prediction,5497.849
GA,2021-10-30,prediction,3311.821
GA,2021-10-31,prediction,5113.425
GA,2021-11-01,prediction,4867.993
GA,2021-11-02,prediction,7381.3833
GA,2021-11-03,prediction,7232.34
GA,2021-11-04,prediction,7659.3804
GA,2021-11-05,prediction,7845.038
GA,2021-11-06,forecast,8250.676
GA,2021-11-07,forecast,9666.453
GA,2021-11-08,forecast,9671.413
GA,2021-11-09,forecast,8272.033
GA,2021-11-10,forecast,7810.227
GA,2021-11-11,forecast,8572.996
GA,2021-11-12,forecast,7062.1226
GA,2021-11-13,forecast,7530.7607
GA,2021-11-14,forecast,6312.3833
GA,2021-11-15,forecast,8063.9053
GA,2021-11-16,forecast,9135.906
GA,2021-11-17,forecast,8425.015
GA,2021-11-18,forecast,9525.276
GA,2021-11-19,forecast,7431.6274
GA,2021-11-20,forecast,5974.1
GA,2021-11-21,forecast,5810.7827
GA,2021-11-22,forecast,5662.292
GA,2021-11-23,forecast,10183.699
GA,2021-11-24,forecast,9096.998
GA,2021-11-25,forecast,9439.241
GA,2021-11-26,forecast,10898.678
GA,2021-11-27,forecast,10788.356
GA,2021-11-28,forecast,11187.054
GA,2021-11-29,forecast,10720.455
GA,2021-11-30,forecast,12393.188
GA,2021-12-01,forecast,10732.041
GA,2021-12-02,forecast,11065.916
GA,2021-12-03,forecast,8333.81
TN,2021-10-16,prediction,4679.1523
TN,2021-10-17,prediction,5049.9014
TN,2021-10-18,prediction,3438.861
TN,2021-10-19,prediction,3487.9814
TN,2021-10-20,prediction,3320.377
TN,2021-10-21,prediction,4100.85
TN,2021-10-22,prediction,3309.393
TN,2021-10-23,prediction,3149.5688
TN,2021-10-24,prediction,3488.9316
TN,2021-10-25,prediction,3164.199
TN,2021-10-26,prediction,4675.793
TN,2021-10-27,prediction,3971.7456
TN,2021-10-28,prediction,3257.203
TN,2021-10-29,prediction,3325.6328
TN,2021-10-30,prediction,2710.8928
TN,2021-10-31,prediction,3334.8706
TN,2021-11-01,prediction,2671.304
TN,2021-11-02,prediction,4967.6196
TN,2021-11-03,prediction,5422.134
TN,2021-11-04,prediction,5765.23
TN,2021-11-05,prediction,6981.8003
TN,2021-11-06,forecast,6276.8745
TN,2021-11-07,forecast,6817.934
TN,2021-11-08,forecast,7897.969
TN,2021-11-09,forecast,5207.4297
TN,2021-11-10,forecast,5910.8174
TN,2021-11-11,forecast,5787.8906
TN,2021-11-12,forecast,4314.8965
TN,2021-11-13,forecast,5300.935
TN,2021-11-14,forecast,4660.0386
TN,2021-11-15,forecast,5295.386
TN,2021-11-16,forecast,4876.8633
TN,2021-11-17,forecast,5187.446
TN,2021-11-18,forecast,6209.537
TN,2021-11-19,forecast,5778.1724
TN,2021-11-20,forecast,5597.172
TN,2021-11-21,forecast,5469.3765
TN,2021-11-22,forecast,5273.1934
TN,2021-11-23,forecast,5703.903
TN,2021-11-24,forecast,7334.0576
TN,2021-11-25,forecast,7380.1904
TN,2021-11-26,forecast,7271.291
TN,2021-11-27,forecast,8826.03
TN,2021-11-28,forecast,8535.217
TN,2021-11-29,forecast,8681.616
TN,2021-11-30,forecast,8220.49
TN,2021-12-01,forecast,6431.6094
TN,2021-12-02,forecast,6847.2656
TN,2021-12-03,forecast,6796.5264
WI,2021-10-16,prediction,5562.42
WI,2021-10-17,prediction,5734.3916
WI,2021-10-18,prediction,5658.6187
WI,2021-10-19,prediction,5177.839
WI,2021-10-20,prediction,5321.463
WI,2021-10-21,prediction,5065.649
WI,2021-10-22,prediction,5739.4683
WI,2021-10-23,prediction,5406.106
WI,2021-10-24,prediction,5397.455
WI,2021-10-25,prediction,5492.0054
WI,2021-10-26,prediction,4962.899
WI,2021-10-27,prediction,4814.6772
WI,2021-10-28,prediction,5031.6553
WI,2021-10-29,prediction,4704.7266
WI,2021-10-30,prediction,4134.998
WI,2021-10-31,prediction,4406.0728
WI,2021-11-01,prediction,3897.2288
WI,2021-11-02,prediction,5231.2314
WI,2021-11-03,prediction,4543.194
WI,2021-11-04,prediction,5542.3403
WI,2021-11-05,prediction,5779.013
WI,2021-11-06,forecast,5501.964
WI,2021-11-07,forecast,5565.0703
WI,2021-11-08,forecast,5033.2393
WI,2021-11-09,forecast,4907.2656
WI,2021-11-10,forecast,5071.6553
WI,2021-11-11,forecast,5348.001
WI,2021-11-12,forecast,4966.091
WI,2021-11-13,forecast,5660.87
WI,2021-11-14,forecast,4746.645
WI,2021-11-15,forecast,4956.322
WI,2021-11-16,forecast,5274.2705
WI,2021-11-17,forecast,4941.2188
WI,2021-11-18,forecast,4677.357
WI,2021-11-19,forecast,5022.301
WI,2021-11-20,forecast,3944.0518
WI,2021-11-21,forecast,3942.601
WI,2021-11-22,forecast,4300.388
WI,2021-11-23,forecast,4769.544
WI,2021-11-24,forecast,4435.598
WI,2021-11-25,forecast,5219.4814
WI,2021-11-26,forecast,5675.206
WI,2021-11-27,forecast,5272.126
WI,2021-11-28,forecast,5755.1606
WI,2021-11-29,forecast,4836.3013
WI,2021-11-30,forecast,4771.927
WI,2021-12-01,forecast,4631.339
WI,2021-12-02,forecast,5427.314
WI,2021-12-03,forecast,5391.6436
WY,2021-10-16,prediction,1702.9885
WY,2021-10-17,prediction,1533.2058
WY,2021-10-18,prediction,1629.4106
WY,2021-10-19,prediction,1899.3282
WY,2021-10-20,prediction,1611.5867
WY,2021-10-21,prediction,1546.3546
WY,2021-10-22,prediction,1763.2323
WY,2021-10-23,prediction,1490.1401
WY,2021-10-24,prediction,1697.8987
WY,2021-10-25,prediction,1738.6814
WY,2021-10-26,prediction,1926.6864
WY,2021-10-27,prediction,1746.5073
WY,2021-10-28,prediction,1702.165
WY,2021-10-29,prediction,1344.8015
WY,2021-10-30,prediction,1540.5927
WY,2021-10-31,prediction,1577.1494
WY,2021-11-01,prediction,1450.1737
WY,2021-11-02,prediction,1787.2324
WY,2021-11-03,prediction,1739.5078
WY,2021-11-04,prediction,1555.9165
WY,2021-11-05,prediction,1552.8729
WY,2021-11-06,forecast,1822.6123
WY,2021-11-07,forecast,1743.1328
WY,2021-11-08,forecast,1465.121
WY,2021-11-09,forecast,1769.1279
WY,2021-11-10,forecast,1595.6493
WY,2021-11-11,forecast,1918.5397
WY,2021-11-12,forecast,1595.6238
WY,2021-11-13,forecast,1652.9554
WY,2021-11-14,forecast,1633.3813
WY,2021-11-15,forecast,1676.7732
WY,2021-11-16,forecast,1929.2032
WY,2021-11-17,forecast,2015.6462
WY,2021-11-18,forecast,1788.5642
WY,2021-11-19,forecast,1904.7491
WY,2021-11-20,forecast,1358.0825
WY,2021-11-21,forecast,1809.3721
WY,2021-11-22,forecast,1708.127
WY,2021-11-23,forecast,1876.5067
WY,2021-11-24,forecast,1995.1492
WY,2021-11-25,forecast,1623.8091
WY,2021-11-26,forecast,1625.0895
WY,2021-11-27,forecast,1719.8033
WY,2021-11-28,forecast,1771.2217
WY,2021-11-29,forecast,1819.9559
WY,2021-11-30,forecast,1775.3552
WY,2021-12-01,forecast,1567.6655
WY,2021-12-02,forecast,1886.9817
WY,2021-12-03,forecast,2051.3342
OR,2021-10-16,prediction,4144.3384
OR,2021-10-17,prediction,3221.4695
OR,2021-10-18,prediction,4000.6987
OR,2021-10-19,prediction,3949.8704
OR,2021-10-20,prediction,3787.2563
OR,2021-10-21,prediction,3776.6233
OR,2021-10-22,prediction,4166.8896
OR,2021-10-23,prediction,4124.242
OR,2021-10-24,prediction,4451.892
OR,2021-10-25,prediction,3009.6675
OR,2021-10-26,prediction,3621.2202
OR,2021-10-27,prediction,4460.1587
OR,2021-10-28,prediction,4257.2036
OR,2021-10-29,prediction,3981.6797
OR,2021-10-30,prediction,3248.6746
OR,2021-10-31,prediction,3591.4565
OR,2021-11-01,prediction,2919.7947
OR,2021-11-02,prediction,3985.2068
OR,2021-11-03,prediction,3417.722
OR,2021-11-04,prediction,4038.2834
OR,2021-11-05,prediction,3688.2917
OR,2021-11-06,forecast,4508.3066
OR,2021-11-07,forecast,4107.3516
OR,2021-11-08,forecast,3246.7896
OR,2021-11-09,forecast,3884.0156
OR,2021-11-10,forecast,3675.7969
OR,2021-11-11,forecast,4124.5684
OR,2021-11-12,forecast,3692.9915
OR,2021-11-13,forecast,3821.18
OR,2021-11-14,forecast,3741.4338
OR,2021-11-15,forecast,3093.6362
OR,2021-11-16,forecast,2779.4336
OR,2021-11-17,forecast,3345.4458
OR,2021-11-18,forecast,3718.765
OR,2021-11-19,forecast,3986.3877
OR,2021-11-20,forecast,2668.2275
OR,2021-11-21,forecast,2342.2922
OR,2021-11-22,forecast,2274.5898
OR,2021-11-23,forecast,1985.976
OR,2021-11-24,forecast,2896.811
OR,2021-11-25,forecast,2724.6528
OR,2021-11-26,forecast,3465.092
OR,2021-11-27,forecast,2621.556
OR,2021-11-28,forecast,4063.6467
OR,2021-11-29,forecast,3183.3777
OR,2021-11-30,forecast,3080.3909
OR,2021-12-01,forecast,2792.645
OR,2021-12-02,forecast,3446.8013
OR,2021-12-03,forecast,3104.8147
SC,2021-10-16,prediction,3591.8801
SC,2021-10-17,prediction,3416.0017
SC,2021-10-18,prediction,3415.0176
SC,2021-10-19,prediction,2934.2056
SC,2021-10-20,prediction,2933.4263
SC,2021-10-21,prediction,2912.8438
SC,2021-10-22,prediction,2541.2903
SC,2021-10-23,prediction,2014.3894
SC,2021-10-24,prediction,3375.9336
SC,2021-10-25,prediction,2999.923
SC,2021-10-26,prediction,3652.8875
SC,2021-10-27,prediction,2815.1904
SC,2021-10-28,prediction,3415.671
SC,2021-10-29,prediction,3039.4578
SC,2021-10-30,prediction,2295.5376
SC,2021-10-31,prediction,3028.2844
SC,2021-11-01,prediction,2401.2312
SC,2021-11-02,prediction,3213.0637
SC,2021-11-03,prediction,3156.0488
SC,2021-11-04,prediction,3115.8655
SC,2021-11-05,prediction,3718.7336
SC,2021-11-06,forecast,4226.173
SC,2021-11-07,forecast,4059.1594
SC,2021-11-08,forecast,3617.64
SC,2021-11-09,forecast,4288.5054
SC,2021-11-10,forecast,4027.3735
SC,2021-11-11,forecast,3789.3123
SC,2021-11-12,forecast,3680.1396
SC,2021-11-13,forecast,3322.76
SC,2021-11-14,forecast,4300.551
SC,2021-11-15,forecast,3794.343
SC,2021-11-16,forecast,3715.7524
SC,2021-11-17,forecast,3607.1084
SC,2021-11-18,forecast,3862.8176
SC,2021-11-19,forecast,3617.6934
SC,2021-11-20,forecast,3790.6619
SC,2021-11-21,forecast,3820.2183
SC,2021-11-22,forecast,3608.6787
SC,2021-11-23,forecast,3855.354
SC,2021-11-24,forecast,3856.2075
SC,2021-11-25,forecast,4066.749
SC,2021-11-26,forecast,4734.3267
SC,2021-11-27,forecast,6281.7915
SC,2021-11-28,forecast,5675.3545
SC,2021-11-29,forecast,6726.217
SC,2021-11-30,forecast,4262.584
SC,2021-12-01,forecast,5135.257
SC,2021-12-02,forecast,4970.695
SC,2021-12-03,forecast,3969.6685
OK,2021-10-16,prediction,2404.3848
OK,2021-10-17,prediction,2771.3506
OK,2021-10-18,prediction,2121.9883
OK,2021-10-19,prediction,3742.0103
OK,2021-10-20,prediction,2580.6191
OK,2021-10-21,prediction,3320.5146
OK,2021-10-22,prediction,2834.833
OK,2021-10-23,prediction,2357.1003
OK,2021-10-24,prediction,3358.8145
OK,2021-10-25,prediction,3963.9915
OK,2021-10-26,prediction,3341.4788
OK,2021-10-27,prediction,2576.7588
OK,2021-10-28,prediction,2530.305
OK,2021-10-29,prediction,2197.7642
OK,2021-10-30,prediction,2045.3954
OK,2021-10-31,prediction,2636.8606
OK,2021-11-01,prediction,3336.0615
OK,2021-11-02,prediction,3521.25
OK,2021-11-03,prediction,3290.9893
OK,2021-11-04,prediction,3694.8389
OK,2021-11-05,prediction,3511.4233
OK,2021-11-06,forecast,3330.244
OK,2021-11-07,forecast,3170.4905
OK,2021-11-08,forecast,2593.4346
OK,2021-11-09,forecast,3647.289
OK,2021-11-10,forecast,3393.4084
OK,2021-11-11,forecast,3730.254
OK,2021-11-12,forecast,3050.2163
OK,2021-11-13,forecast,2704.797
OK,2021-11-14,forecast,4189.147
OK,2021-11-15,forecast,3572.511
OK,2021-11-16,forecast,3613.9597
OK,2021-11-17,forecast,2601.5042
OK,2021-11-18,forecast,2806.5872
OK,2021-11-19,forecast,2583.3486
OK,2021-11-20,forecast,2378.611
OK,2021-11-21,forecast,3120.8696
OK,2021-11-22,forecast,3326.0508
OK,2021-11-23,forecast,3723.8396
OK,2021-11-24,forecast,3556.2678
OK,2021-11-25,forecast,3880.368
OK,2021-11-26,forecast,3231.882
OK,2021-11-27,forecast,3713.1077
OK,2021-11-28,forecast,3536.4802
OK,2021-11-29,forecast,2784.4397
OK,2021-11-30,forecast,3566.2612
OK,2021-12-01,forecast,4387.043
OK,2021-12-02,forecast,4272.882
OK,2021-12-03,forecast,3939.7576
KY,2021-10-16,prediction,6630.5527
KY,2021-10-17,prediction,1970.9884
KY,2021-10-18,prediction,2661.4675
KY,2021-10-19,prediction,3672.6704
KY,2021-10-20,prediction,5449.116
KY,2021-10-21,prediction,6908.8945
KY,2021-10-22,prediction,6009.0234
KY,2021-10-23,prediction,2961.908
KY,2021-10-24,prediction,5516.1387
KY,2021-10-25,prediction,4076.9077
KY,2021-10-26,prediction,4131.8125
KY,2021-10-27,prediction,6339.582
KY,2021-10-28,prediction,5116.004
KY,2021-10-29,prediction,5100.701
KY,2021-10-30,prediction,4419.3765
KY,2021-10-31,prediction,4346.2725
KY,2021-11-01,prediction,4765.4854
KY,2021-11-02,prediction,6469.7173
KY,2021-11-03,prediction,6391.1787
KY,2021-11-04,prediction,5640.128
KY,2021-11-05,prediction,6548.6357
KY,2021-11-06,forecast,6561.9883
KY,2021-11-07,forecast,3857.6633
KY,2021-11-08,forecast,3943.988
KY,2021-11-09,forecast,3277.2449
KY,2021-11-10,forecast,4618.6333
KY,2021-11-11,forecast,4883.304
KY,2021-11-12,forecast,4591.2065
KY,2021-11-13,forecast,3879.871
KY,2021-11-14,forecast,5296.729
KY,2021-11-15,forecast,5812.456
KY,2021-11-16,forecast,4476.551
KY,2021-11-17,forecast,5583.0605
KY,2021-11-18,forecast,6289.429
KY,2021-11-19,forecast,4915.5054
KY,2021-11-20,forecast,4883.584
KY,2021-11-21,forecast,4705.523
KY,2021-11-22,forecast,5957.951
KY,2021-11-23,forecast,4959.982
KY,2021-11-24,forecast,6016.8945
KY,2021-11-25,forecast,6486.626
KY,2021-11-26,forecast,6265.1494
KY,2021-11-27,forecast,6464.516
KY,2021-11-28,forecast,4135.784
KY,2021-11-29,forecast,4314.106
KY,2021-11-30,forecast,4118.537
KY,2021-12-01,forecast,4071.0051
KY,2021-12-02,forecast,4867.978
KY,2021-12-03,forecast,4982.453
